Timestamps,AWS/EC2 NetworkIn,AWS/EC2 NetworkOut,System/Linux MemoryUtilization,AWS/EC2 CPUUtilization
2019-09-15 00:00:00+00:00,1585.0,2165.0,0,0.0
2019-09-15 00:05:00+00:00,2117.0,2733.0,0,0.169491525423719
2019-09-15 00:10:00+00:00,220.0,100.0,0,0.0
2019-09-15 00:15:00+00:00,56.0,28.0,0,0.0
2019-09-15 00:20:00+00:00,220.0,100.0,0,0.166666666666705
2019-09-15 00:25:00+00:00,56.0,28.0,0,0.0
2019-09-15 00:30:00+00:00,17595.0,8084.0,0,0.169491525423719
2019-09-15 00:35:00+00:00,56.0,28.0,0,0.0
2019-09-15 00:40:00+00:00,1569.0,2165.0,0,0.0
2019-09-15 00:45:00+00:00,220.0,100.0,0,0.169491525423719
2019-09-15 00:50:00+00:00,56.0,28.0,0,0.0
2019-09-15 00:55:00+00:00,1719.0,2385.0,0,0.166666666666657
2019-09-15 01:00:00+00:00,568.0,458.0,0,0.0
2019-09-15 01:05:00+00:00,392.0,205.0,0,0.0
2019-09-15 01:10:00+00:00,2852.0,5893.0,0,0.163934426229499
2019-09-15 01:15:00+00:00,56.0,28.0,0,0.0
2019-09-15 01:20:00+00:00,56.0,84.0,0,0.166666666666705
2019-09-15 01:25:00+00:00,1569.0,2165.0,0,0.0
2019-09-15 01:30:00+00:00,882.0,458.0,0,0.0
2019-09-15 01:35:00+00:00,2202.0,1949.0,0,0.166666666666657
2019-09-15 01:40:00+00:00,56.0,28.0,0,0.0
2019-09-15 01:45:00+00:00,56.0,28.0,0,0.0
2019-09-15 01:50:00+00:00,56.0,28.0,0,0.169491525423719
2019-09-15 01:55:00+00:00,56.0,28.0,0,0.0
2019-09-15 02:00:00+00:00,568.0,458.0,0,0.0
2019-09-15 02:05:00+00:00,56.0,28.0,0,0.163934426229499
2019-09-15 02:10:00+00:00,1569.0,2165.0,0,0.0
2019-09-15 02:15:00+00:00,56.0,84.0,0,0.163934426229499
2019-09-15 02:20:00+00:00,56.0,28.0,0,0.0
2019-09-15 02:25:00+00:00,166.0,320.0,0,0.0
2019-09-15 02:30:00+00:00,2589.0,3135.0,0,0.163934426229545
2019-09-15 02:35:00+00:00,56.0,28.0,0,0.0
2019-09-15 02:40:00+00:00,56.0,28.0,0,0.0
2019-09-15 02:45:00+00:00,56.0,28.0,0,0.163934426229499
2019-09-15 02:50:00+00:00,56.0,28.0,0,0.0
2019-09-15 02:55:00+00:00,2113.0,2917.0,0,0.169491525423719
2019-09-15 03:00:00+00:00,568.0,458.0,0,0.0
2019-09-15 03:05:00+00:00,56.0,28.0,0,0.0
2019-09-15 03:10:00+00:00,170.0,276.0,0,0.166666666666657
2019-09-15 03:15:00+00:00,166.0,232.0,0,0.0
2019-09-15 03:20:00+00:00,56.0,84.0,0,0.0
2019-09-15 03:25:00+00:00,56.0,28.0,0,0.166666666666657
2019-09-15 03:30:00+00:00,882.0,458.0,0,0.0
2019-09-15 03:35:00+00:00,1585.0,2165.0,0,0.0
2019-09-15 03:40:00+00:00,166.0,144.0,0,0.163934426229545
2019-09-15 03:45:00+00:00,492.0,9317.0,0,0.0
2019-09-15 03:50:00+00:00,112.0,108.0,0,0.0
2019-09-15 03:55:00+00:00,56.0,28.0,0,0.163934426229499
2019-09-15 04:00:00+00:00,568.0,458.0,0,0.0
2019-09-15 04:05:00+00:00,170.0,320.0,0,0.0
2019-09-15 04:10:00+00:00,56.0,28.0,0,0.169491525423719
2019-09-15 04:15:00+00:00,56.0,28.0,0,0.0
2019-09-15 04:20:00+00:00,56.0,84.0,0,0.0
2019-09-15 04:25:00+00:00,1569.0,2165.0,0,0.169491525423719
2019-09-15 04:30:00+00:00,938.0,483.0,0,0.0
2019-09-15 04:35:00+00:00,56.0,28.0,0,0.163934426229499
2019-09-15 04:40:00+00:00,56.0,28.0,0,0.0
2019-09-15 04:45:00+00:00,220.0,276.0,0,0.0
2019-09-15 04:50:00+00:00,494.0,8157.0,0,0.0
2019-09-15 04:55:00+00:00,228.0,104.0,0,0.169491525423767
2019-09-15 05:00:00+00:00,568.0,458.0,0,0.0
2019-09-15 05:05:00+00:00,56.0,28.0,0,0.0
2019-09-15 05:10:00+00:00,56.0,28.0,0,0.169491525423719
2019-09-15 05:15:00+00:00,56.0,28.0,0,0.0
2019-09-15 05:20:00+00:00,1585.0,2165.0,0,0.163934426229499
2019-09-15 05:25:00+00:00,346.0,193.0,0,0.0
2019-09-15 05:30:00+00:00,3100.0,3756.0,0,0.166666666666657
2019-09-15 05:35:00+00:00,370.0,285.0,0,0.0
2019-09-15 05:40:00+00:00,17158.0,21668.0,0,0.327868852458998
2019-09-15 05:45:00+00:00,17224.0,21668.0,0,0.338983050847438
2019-09-15 05:50:00+00:00,18787.0,23805.0,0,0.338983050847438
2019-09-15 05:55:00+00:00,17190.0,21668.0,0,0.333333333333314
2019-09-15 06:00:00+00:00,16944.0,21668.0,0,0.333333333333314
2019-09-15 06:05:00+00:00,15097.0,18963.0,0,4.2622950819672
2019-09-15 06:10:00+00:00,174.0,296.0,0,0.0
2019-09-15 06:15:00+00:00,1569.0,2549.0,0,0.163934426229499
2019-09-15 06:20:00+00:00,417.0,256.0,0,1.52542372881357
2019-09-15 06:25:00+00:00,1569.0,2165.0,0,0.163934426229499
2019-09-15 06:30:00+00:00,882.0,458.0,0,0.0
2019-09-15 06:35:00+00:00,56.0,28.0,0,0.166666666666657
2019-09-15 06:40:00+00:00,340.0,512.0,0,1.52542372881357
2019-09-15 06:45:00+00:00,56.0,28.0,0,0.0
2019-09-15 06:50:00+00:00,56.0,28.0,0,0.0
2019-09-15 06:55:00+00:00,56.0,28.0,0,0.166666666666657
2019-09-15 07:00:00+00:00,568.0,458.0,0,0.0
2019-09-15 07:05:00+00:00,220.0,100.0,0,0.0
2019-09-15 07:10:00+00:00,1945.0,2105.0,0,0.166666666666657
2019-09-15 07:15:00+00:00,24424.0,24556.0,0,0.333333333333362
2019-09-15 07:20:00+00:00,3192.0,2561.0,0,0.0
2019-09-15 07:25:00+00:00,4563.0,1630.0,0,0.169491525423719
2019-09-15 07:30:00+00:00,882.0,458.0,0,0.0
2019-09-15 07:35:00+00:00,1643.0,2285.0,0,0.169491525423719
2019-09-15 07:40:00+00:00,1585.0,2165.0,0,0.0
2019-09-15 07:45:00+00:00,578.0,1417.0,0,0.169491525423719
2019-09-15 07:50:00+00:00,2324.0,3329.0,0,0.0
2019-09-15 07:55:00+00:00,56.0,28.0,0,0.169491525423767
2019-09-15 08:00:00+00:00,568.0,458.0,0,0.0
2019-09-15 08:05:00+00:00,220.0,100.0,0,0.0
2019-09-15 08:10:00+00:00,56.0,28.0,0,0.166666666666657
2019-09-15 08:15:00+00:00,56.0,28.0,0,0.0
2019-09-15 08:20:00+00:00,2292.0,5005.0,0,0.166666666666657
2019-09-15 08:25:00+00:00,56.0,28.0,0,0.0
2019-09-15 08:30:00+00:00,938.0,483.0,0,0.0
2019-09-15 08:35:00+00:00,2070.0,1897.0,0,0.166666666666657
2019-09-15 08:40:00+00:00,56.0,28.0,0,0.0
2019-09-15 08:45:00+00:00,56.0,28.0,0,0.0
2019-09-15 08:50:00+00:00,56.0,28.0,0,0.166666666666657
2019-09-15 08:55:00+00:00,56.0,28.0,0,0.0
2019-09-15 09:00:00+00:00,568.0,458.0,0,0.0
2019-09-15 09:05:00+00:00,56.0,28.0,0,0.169491525423767
2019-09-15 09:10:00+00:00,2167.0,2733.0,0,0.0
2019-09-15 09:15:00+00:00,2124.0,5143.0,0,0.166666666666657
2019-09-15 09:20:00+00:00,56.0,84.0,0,0.0
2019-09-15 09:25:00+00:00,2167.0,2733.0,0,0.0
2019-09-15 09:30:00+00:00,2101.0,5113.0,0,0.163934426229499
2019-09-15 09:35:00+00:00,56.0,28.0,0,0.0
2019-09-15 09:40:00+00:00,228.0,104.0,0,0.166666666666657
2019-09-15 09:45:00+00:00,1625.0,2193.0,0,0.0
2019-09-15 09:50:00+00:00,56.0,28.0,0,0.0
2019-09-15 09:55:00+00:00,56.0,28.0,0,0.166666666666657
2019-09-15 10:00:00+00:00,644.0,1469.0,0,0.0
2019-09-15 10:05:00+00:00,56.0,28.0,0,0.0
2019-09-15 10:10:00+00:00,174.0,296.0,0,0.169491525423767
2019-09-15 10:15:00+00:00,578.0,1417.0,0,0.169491525423719
2019-09-15 10:20:00+00:00,56.0,28.0,0,0.0
2019-09-15 10:25:00+00:00,436.0,8157.0,0,0.0
2019-09-15 10:30:00+00:00,882.0,458.0,0,0.166666666666657
2019-09-15 10:35:00+00:00,56.0,28.0,0,0.0
2019-09-15 10:40:00+00:00,56.0,28.0,0,0.0
2019-09-15 10:45:00+00:00,56.0,28.0,0,0.166666666666657
2019-09-15 10:50:00+00:00,56.0,28.0,0,0.0
2019-09-15 10:55:00+00:00,56.0,28.0,0,0.0
2019-09-15 11:00:00+00:00,2097.0,2595.0,0,0.166666666666657
2019-09-15 11:05:00+00:00,4172.0,4769.0,0,0.166666666666705
2019-09-15 11:10:00+00:00,56.0,28.0,0,0.0
2019-09-15 11:15:00+00:00,1733.0,2289.0,0,0.169491525423719
2019-09-15 11:20:00+00:00,56.0,84.0,0,0.0
2019-09-15 11:25:00+00:00,56.0,28.0,0,0.0
2019-09-15 11:30:00+00:00,17602.0,8084.0,0,0.166666666666657
2019-09-15 11:35:00+00:00,56.0,28.0,0,0.0
2019-09-15 11:40:00+00:00,228.0,104.0,0,0.0
2019-09-15 11:45:00+00:00,164.0,72.0,0,0.169491525423719
2019-09-15 11:50:00+00:00,5100.0,4642.0,0,0.0
2019-09-15 11:55:00+00:00,56.0,28.0,0,0.0
2019-09-15 12:00:00+00:00,2209.0,5403.0,0,0.166666666666657
2019-09-15 12:05:00+00:00,56.0,28.0,0,0.169491525423767
2019-09-15 12:10:00+00:00,56.0,28.0,0,0.0
2019-09-15 12:15:00+00:00,220.0,100.0,0,0.0
2019-09-15 12:20:00+00:00,220.0,144.0,0,0.163934426229499
2019-09-15 12:25:00+00:00,56.0,28.0,0,0.0
2019-09-15 12:30:00+00:00,882.0,458.0,0,0.0
2019-09-15 12:35:00+00:00,56.0,28.0,0,0.0
2019-09-15 12:40:00+00:00,56.0,28.0,0,0.163934426229499
2019-09-15 12:45:00+00:00,220.0,100.0,0,0.0
2019-09-15 12:50:00+00:00,56.0,28.0,0,0.0
2019-09-15 12:55:00+00:00,56.0,28.0,0,0.169491525423719
2019-09-15 13:00:00+00:00,568.0,458.0,0,0.0
2019-09-15 13:05:00+00:00,56.0,28.0,0,0.0
2019-09-15 13:10:00+00:00,56.0,28.0,0,0.166666666666657
2019-09-15 13:15:00+00:00,56.0,84.0,0,0.0
2019-09-15 13:20:00+00:00,4497.0,1642.0,0,0.166666666666705
2019-09-15 13:25:00+00:00,56.0,28.0,0,0.0
2019-09-15 13:30:00+00:00,938.0,483.0,0,0.166666666666657
2019-09-15 13:35:00+00:00,56.0,28.0,0,0.0
2019-09-15 13:40:00+00:00,56.0,28.0,0,0.0
2019-09-15 13:45:00+00:00,164.0,72.0,0,0.166666666666657
2019-09-15 13:50:00+00:00,56.0,28.0,0,0.0
2019-09-15 13:55:00+00:00,492.0,9317.0,0,0.0
2019-09-15 14:00:00+00:00,568.0,1188.0,0,0.169491525423719
2019-09-15 14:05:00+00:00,56.0,28.0,0,0.0
2019-09-15 14:10:00+00:00,56.0,84.0,0,0.0
2019-09-15 14:15:00+00:00,56.0,28.0,0,0.166666666666657
2019-09-15 14:20:00+00:00,56.0,28.0,0,0.0
2019-09-15 14:25:00+00:00,426.0,313.0,0,0.0
2019-09-15 14:30:00+00:00,938.0,483.0,0,0.169491525423767
2019-09-15 14:35:00+00:00,56.0,28.0,0,0.0
2019-09-15 14:40:00+00:00,56.0,28.0,0,0.0
2019-09-15 14:45:00+00:00,56.0,28.0,0,0.169491525423719
2019-09-15 14:50:00+00:00,2111.0,2733.0,0,0.0
2019-09-15 14:55:00+00:00,4890.0,6150.0,0,0.166666666666657
2019-09-15 15:00:00+00:00,568.0,458.0,0,0.0
2019-09-15 15:05:00+00:00,1585.0,2165.0,0,0.163934426229499
2019-09-15 15:10:00+00:00,1585.0,2165.0,0,0.163934426229499
2019-09-15 15:15:00+00:00,56.0,28.0,0,0.0
2019-09-15 15:20:00+00:00,274.0,100.0,0,0.0
2019-09-15 15:25:00+00:00,56.0,28.0,0,0.166666666666705
2019-09-15 15:30:00+00:00,938.0,483.0,0,0.0
2019-09-15 15:35:00+00:00,56.0,28.0,0,0.0
2019-09-15 15:40:00+00:00,513197.0,4844.0,0,0.169491525423719
2019-09-15 15:45:00+00:00,56.0,28.0,0,0.0
2019-09-15 15:50:00+00:00,56.0,28.0,0,0.0
2019-09-15 15:55:00+00:00,56.0,28.0,0,0.166666666666657
2019-09-15 16:00:00+00:00,568.0,458.0,0,0.0
2019-09-15 16:05:00+00:00,1585.0,2165.0,0,0.166666666666657
2019-09-15 16:10:00+00:00,2231.0,2849.0,0,0.0
2019-09-15 16:15:00+00:00,16581.0,7546.0,0,0.163934426229545
2019-09-15 16:20:00+00:00,272912.0,8166.0,0,10.4918032786885
2019-09-15 16:25:00+00:00,56.0,28.0,0,0.166666666666705
2019-09-15 16:30:00+00:00,938.0,739.0,0,0.0
2019-09-15 16:35:00+00:00,168.0,201.0,0,0.0
2019-09-15 16:40:00+00:00,56.0,28.0,0,0.166666666666657
2019-09-15 16:45:00+00:00,56.0,28.0,0,0.0
2019-09-15 16:50:00+00:00,56.0,28.0,0,0.0
2019-09-15 16:55:00+00:00,56.0,28.0,0,0.0
2019-09-15 17:00:00+00:00,568.0,514.0,0,0.166666666666657
2019-09-15 17:05:00+00:00,166.0,276.0,0,0.0
2019-09-15 17:10:00+00:00,56.0,28.0,0,0.169491525423719
2019-09-15 17:15:00+00:00,56.0,28.0,0,0.0
2019-09-15 17:20:00+00:00,56.0,28.0,0,0.0
2019-09-15 17:25:00+00:00,56.0,28.0,0,0.0
2019-09-15 17:30:00+00:00,938.0,483.0,0,0.166666666666657
2019-09-15 17:35:00+00:00,56.0,28.0,0,0.0
2019-09-15 17:40:00+00:00,370.0,285.0,0,0.0
2019-09-15 17:45:00+00:00,56.0,28.0,0,0.169491525423767
2019-09-15 17:50:00+00:00,56.0,28.0,0,0.0
2019-09-15 17:55:00+00:00,56.0,28.0,0,0.0
2019-09-15 18:00:00+00:00,568.0,458.0,0,0.166666666666657
2019-09-15 18:05:00+00:00,1585.0,2165.0,0,0.0
2019-09-15 18:10:00+00:00,1585.0,2165.0,0,0.166666666666657
2019-09-15 18:15:00+00:00,56.0,28.0,0,0.0
2019-09-15 18:20:00+00:00,56.0,28.0,0,0.0
2019-09-15 18:25:00+00:00,2111.0,2733.0,0,0.169491525423719
2019-09-15 18:30:00+00:00,938.0,483.0,0,0.0
2019-09-15 18:35:00+00:00,56.0,28.0,0,0.169491525423719
2019-09-15 18:40:00+00:00,56.0,28.0,0,0.0
2019-09-15 18:45:00+00:00,56.0,28.0,0,0.0
2019-09-15 18:50:00+00:00,1569.0,2165.0,0,0.166666666666705
2019-09-15 18:55:00+00:00,1585.0,2165.0,0,0.0
2019-09-15 19:00:00+00:00,568.0,458.0,0,0.166666666666657
2019-09-15 19:05:00+00:00,1647.0,2405.0,0,0.0
2019-09-15 19:10:00+00:00,56.0,28.0,0,0.0
2019-09-15 19:15:00+00:00,220.0,100.0,0,0.163934426229499
2019-09-15 19:20:00+00:00,56.0,28.0,0,0.0
2019-09-15 19:25:00+00:00,436.0,225.0,0,0.0
2019-09-15 19:30:00+00:00,938.0,7317.0,0,0.163934426229499
2019-09-15 19:35:00+00:00,172.0,76.0,0,0.0
2019-09-15 19:40:00+00:00,220.0,100.0,0,0.166666666666657
2019-09-15 19:45:00+00:00,382.0,285.0,0,0.0
2019-09-15 19:50:00+00:00,56.0,28.0,0,0.0
2019-09-15 19:55:00+00:00,56.0,28.0,0,0.163934426229545
2019-09-15 20:00:00+00:00,568.0,458.0,0,0.0
2019-09-15 20:05:00+00:00,56.0,84.0,0,0.0
2019-09-15 20:10:00+00:00,56.0,28.0,0,0.166666666666657
2019-09-15 20:15:00+00:00,16583.0,7494.0,0,0.0
2019-09-15 20:20:00+00:00,56.0,28.0,0,0.0
2019-09-15 20:25:00+00:00,56.0,28.0,0,0.163934426229499
2019-09-15 20:30:00+00:00,1585.0,2165.0,0,0.0
2019-09-15 20:35:00+00:00,2189.0,2761.0,0,0.169491525423719
2019-09-15 20:40:00+00:00,538.0,505.0,0,0.0
2019-09-15 20:45:00+00:00,56.0,80.0,0,0.0
2019-09-15 20:50:00+00:00,56.0,28.0,0,0.169491525423719
2019-09-15 20:55:00+00:00,56.0,28.0,0,0.0
2019-09-15 21:00:00+00:00,568.0,458.0,0,0.0
2019-09-15 21:05:00+00:00,56.0,28.0,0,0.166666666666705
2019-09-15 21:10:00+00:00,56.0,28.0,0,0.0
2019-09-15 21:15:00+00:00,56.0,84.0,0,0.0
2019-09-15 21:20:00+00:00,56.0,28.0,0,0.166666666666657
2019-09-15 21:25:00+00:00,1569.0,2165.0,0,0.0
2019-09-15 21:30:00+00:00,938.0,483.0,0,0.169491525423719
2019-09-15 21:35:00+00:00,220.0,100.0,0,0.0
2019-09-15 21:40:00+00:00,3082.0,4354.0,0,0.166666666666657
2019-09-15 21:45:00+00:00,220.0,100.0,0,0.0
2019-09-15 21:50:00+00:00,436.0,5893.0,0,0.0
2019-09-15 21:55:00+00:00,112.0,3452.0,0,0.163934426229499
2019-09-15 22:00:00+00:00,1585.0,2165.0,0,0.0
2019-09-15 22:05:00+00:00,1585.0,2165.0,0,0.169491525423767
2019-09-15 22:10:00+00:00,3063.0,2925.0,0,0.166666666666657
2019-09-15 22:15:00+00:00,1677.0,2209.0,0,0.166666666666657
2019-09-15 22:20:00+00:00,2906.0,2733.0,0,0.166666666666657
2019-09-15 22:25:00+00:00,56.0,28.0,0,0.0
2019-09-15 22:30:00+00:00,1569.0,2165.0,0,0.0
2019-09-15 22:35:00+00:00,56.0,28.0,0,0.163934426229499
2019-09-15 22:40:00+00:00,56.0,28.0,0,0.0
2019-09-15 22:45:00+00:00,174.0,296.0,0,0.0
2019-09-15 22:50:00+00:00,56.0,28.0,0,0.166666666666705
2019-09-15 22:55:00+00:00,56.0,28.0,0,0.0
2019-09-15 23:00:00+00:00,568.0,458.0,0,0.0
2019-09-15 23:05:00+00:00,6310.0,4386.0,0,0.163934426229499
2019-09-15 23:10:00+00:00,3192.0,2561.0,0,0.0
2019-09-15 23:15:00+00:00,56.0,28.0,0,0.166666666666657
2019-09-15 23:20:00+00:00,1569.0,2165.0,0,0.0
2019-09-15 23:25:00+00:00,56.0,28.0,0,0.163934426229499
2019-09-15 23:30:00+00:00,938.0,483.0,0,0.0
2019-09-15 23:35:00+00:00,224.0,100.0,0,1.1666666666667
2019-09-15 23:40:00+00:00,166.0,276.0,0,0.0
2019-09-15 23:45:00+00:00,166.0,276.0,0,0.169491525423719
2019-09-15 23:50:00+00:00,220.0,100.0,0,0.0
2019-09-15 23:55:00+00:00,56.0,28.0,0,0.166666666666657
2019-09-16 00:00:00+00:00,568.0,514.0,0,0.0
2019-09-16 00:05:00+00:00,56.0,28.0,0,0.0
2019-09-16 00:10:00+00:00,56.0,28.0,0,0.166666666666657
2019-09-16 00:15:00+00:00,56.0,28.0,0,0.0
2019-09-16 00:20:00+00:00,56.0,28.0,0,0.0
2019-09-16 00:25:00+00:00,1391.0,2025.0,0,0.169491525423719
2019-09-16 00:30:00+00:00,2189.0,2761.0,0,0.0
2019-09-16 00:35:00+00:00,222.0,348.0,0,0.0
2019-09-16 00:40:00+00:00,346.0,420.0,0,0.163934426229545
2019-09-16 00:45:00+00:00,56.0,28.0,0,0.0
2019-09-16 00:50:00+00:00,56.0,28.0,0,0.0
2019-09-16 00:55:00+00:00,394.0,289.0,0,0.169491525423719
2019-09-16 01:00:00+00:00,2202.0,1949.0,0,0.0
2019-09-16 01:05:00+00:00,220.0,100.0,0,0.166666666666657
2019-09-16 01:10:00+00:00,1979.0,2733.0,0,0.0
2019-09-16 01:15:00+00:00,56.0,28.0,0,0.169491525423719
2019-09-16 01:20:00+00:00,56.0,28.0,0,0.0
2019-09-16 01:25:00+00:00,626.0,349.0,0,0.0
2019-09-16 01:30:00+00:00,2070.0,3184.0,0,0.166666666666657
2019-09-16 01:35:00+00:00,56.0,28.0,0,0.0
2019-09-16 01:40:00+00:00,56.0,28.0,0,0.0
2019-09-16 01:45:00+00:00,394.0,285.0,0,0.166666666666705
2019-09-16 01:50:00+00:00,56.0,28.0,0,0.0
2019-09-16 01:55:00+00:00,56.0,84.0,0,0.0
2019-09-16 02:00:00+00:00,1569.0,2165.0,0,0.166666666666657
2019-09-16 02:05:00+00:00,56.0,28.0,0,0.0
2019-09-16 02:10:00+00:00,16583.0,7442.0,0,0.169491525423719
2019-09-16 02:15:00+00:00,1569.0,2165.0,0,0.0
2019-09-16 02:20:00+00:00,56.0,28.0,0,0.0
2019-09-16 02:25:00+00:00,56.0,28.0,0,0.163934426229499
2019-09-16 02:30:00+00:00,938.0,483.0,0,0.0
2019-09-16 02:35:00+00:00,220.0,100.0,0,0.0
2019-09-16 02:40:00+00:00,56.0,28.0,0,0.166666666666657
2019-09-16 02:45:00+00:00,56.0,28.0,0,0.0
2019-09-16 02:50:00+00:00,220.0,100.0,0,0.0
2019-09-16 02:55:00+00:00,56.0,28.0,0,0.166666666666705
2019-09-16 03:00:00+00:00,1777.0,1869.0,0,0.0
2019-09-16 03:05:00+00:00,1843.0,2165.0,0,0.169491525423719
2019-09-16 03:10:00+00:00,1671.0,1994.0,0,0.166666666666657
2019-09-16 03:15:00+00:00,1909.0,1973.0,0,0.0
2019-09-16 03:20:00+00:00,166.0,276.0,0,0.0
2019-09-16 03:25:00+00:00,56.0,72.0,0,0.166666666666657
2019-09-16 03:30:00+00:00,938.0,483.0,0,0.0
2019-09-16 03:35:00+00:00,56.0,28.0,0,0.0
2019-09-16 03:40:00+00:00,166.0,320.0,0,0.163934426229499
2019-09-16 03:45:00+00:00,56.0,28.0,0,0.0
2019-09-16 03:50:00+00:00,1585.0,2165.0,0,0.0
2019-09-16 03:55:00+00:00,56.0,84.0,0,0.166666666666705
2019-09-16 04:00:00+00:00,568.0,458.0,0,0.0
2019-09-16 04:05:00+00:00,56.0,28.0,0,0.0
2019-09-16 04:10:00+00:00,56.0,28.0,0,0.166666666666657
2019-09-16 04:15:00+00:00,220.0,100.0,0,0.0
2019-09-16 04:20:00+00:00,56.0,28.0,0,0.0
2019-09-16 04:25:00+00:00,56.0,28.0,0,0.166666666666657
2019-09-16 04:30:00+00:00,938.0,483.0,0,0.0
2019-09-16 04:35:00+00:00,56.0,28.0,0,0.0
2019-09-16 04:40:00+00:00,56.0,28.0,0,0.169491525423719
2019-09-16 04:45:00+00:00,450.0,261.0,0,0.0
2019-09-16 04:50:00+00:00,492.0,9317.0,0,0.0
2019-09-16 04:55:00+00:00,112.0,1188.0,0,0.166666666666657
2019-09-16 05:00:00+00:00,568.0,458.0,0,0.0
2019-09-16 05:05:00+00:00,1733.0,2237.0,0,0.163934426229545
2019-09-16 05:10:00+00:00,56.0,28.0,0,0.0
2019-09-16 05:15:00+00:00,56.0,28.0,0,0.0
2019-09-16 05:20:00+00:00,220.0,100.0,0,0.163934426229499
2019-09-16 05:25:00+00:00,220.0,100.0,0,0.0
2019-09-16 05:30:00+00:00,938.0,483.0,0,0.0
2019-09-16 05:35:00+00:00,394.0,233.0,0,0.169491525423719
2019-09-16 05:40:00+00:00,56.0,28.0,0,0.0
2019-09-16 05:45:00+00:00,56.0,28.0,0,0.0
2019-09-16 05:50:00+00:00,56.0,84.0,0,0.163934426229499
2019-09-16 05:55:00+00:00,56.0,28.0,0,0.0
2019-09-16 06:00:00+00:00,2081.0,2595.0,0,0.166666666666657
2019-09-16 06:05:00+00:00,2918.0,2733.0,0,0.0
2019-09-16 06:10:00+00:00,578.0,1417.0,0,0.166666666666705
2019-09-16 06:15:00+00:00,492.0,9317.0,0,0.0
2019-09-16 06:20:00+00:00,2032451.0,40979.0,0,5.49999999999997
2019-09-16 06:25:00+00:00,87412554.0,201176.0,0,38.8333333333333
2019-09-16 06:30:00+00:00,148437942.0,2677138.0,0,58.0
2019-09-16 06:35:00+00:00,13534.0,9780.0,0,2.16666666666659
2019-09-16 06:40:00+00:00,379896.0,57799.0,0,6.94915254237282
2019-09-16 06:45:00+00:00,23418.0,26140.0,0,2.45901639344262
2019-09-16 06:50:00+00:00,6734.0,36004.0,0,5.33333333333331
2019-09-16 06:55:00+00:00,220.0,188.0,0,0.169491525423767
2019-09-16 07:00:00+00:00,568.0,458.0,0,0.0
2019-09-16 07:05:00+00:00,480.0,1417.0,0,0.0
2019-09-16 07:10:00+00:00,56.0,28.0,0,0.163934426229545
2019-09-16 07:15:00+00:00,56.0,28.0,0,0.0
2019-09-16 07:20:00+00:00,56.0,28.0,0,0.0
2019-09-16 07:25:00+00:00,56.0,28.0,0,0.16666666666661
2019-09-16 07:30:00+00:00,938.0,483.0,0,0.0
2019-09-16 07:35:00+00:00,56.0,28.0,0,0.0
2019-09-16 07:40:00+00:00,56.0,28.0,0,0.166666666666705
2019-09-16 07:45:00+00:00,578.0,1417.0,0,0.0
2019-09-16 07:50:00+00:00,56.0,28.0,0,0.0
2019-09-16 07:55:00+00:00,174.0,344.0,0,0.16666666666661
2019-09-16 08:00:00+00:00,16583.0,7494.0,0,0.0
2019-09-16 08:05:00+00:00,56.0,28.0,0,0.166666666666705
2019-09-16 08:10:00+00:00,2456.0,3329.0,0,0.0
2019-09-16 08:15:00+00:00,56.0,28.0,0,0.0
2019-09-16 08:20:00+00:00,56.0,28.0,0,0.169491525423767
2019-09-16 08:25:00+00:00,56.0,28.0,0,0.0
2019-09-16 08:30:00+00:00,3206516.0,78079.0,0,2.16666666666669
2019-09-16 08:35:00+00:00,27184.0,54936.0,0,100.0
2019-09-16 08:40:00+00:00,12860.0,42236.0,0,100.0
2019-09-16 08:45:00+00:00,15131.0,42741.0,0,100.0
2019-09-16 08:50:00+00:00,17625.0,26136.0,0,0.163934426229359
2019-09-16 08:55:00+00:00,1569.0,2217.0,0,0.0
2019-09-16 09:00:00+00:00,568.0,510.0,0,0.166666666666705
2019-09-16 09:05:00+00:00,220.0,100.0,0,0.0
2019-09-16 09:10:00+00:00,56.0,28.0,0,0.169491525423767
2019-09-16 09:15:00+00:00,56.0,28.0,0,0.0
2019-09-16 09:20:00+00:00,56.0,28.0,0,0.0
2019-09-16 09:25:00+00:00,56.0,28.0,0,0.0
2019-09-16 09:30:00+00:00,938.0,483.0,0,0.166666666666705
2019-09-16 09:35:00+00:00,170.0,320.0,0,0.0
2019-09-16 09:40:00+00:00,56.0,28.0,0,0.0
2019-09-16 09:45:00+00:00,56.0,28.0,0,0.166666666666705
2019-09-16 09:50:00+00:00,56.0,84.0,0,0.0
2019-09-16 09:55:00+00:00,220.0,100.0,0,0.0
2019-09-16 10:00:00+00:00,568.0,458.0,0,0.163934426229359
2019-09-16 10:05:00+00:00,5763.0,7293.0,0,1.00000000000004
2019-09-16 10:10:00+00:00,12724.0,7612.0,0,0.169491525423767
2019-09-16 10:15:00+00:00,14973.0,11124.0,0,0.847457627118644
2019-09-16 10:20:00+00:00,2814.0,3465.0,0,0.163934426229545
2019-09-16 10:25:00+00:00,2460.0,3877.0,0,0.166666666666705
2019-09-16 10:30:00+00:00,938.0,483.0,0,0.163934426229545
2019-09-16 10:35:00+00:00,220.0,232.0,0,0.166666666666515
2019-09-16 10:40:00+00:00,56.0,28.0,0,0.163934426229545
2019-09-16 10:45:00+00:00,56.0,84.0,0,0.0
2019-09-16 10:50:00+00:00,578.0,1417.0,0,0.166666666666705
2019-09-16 10:55:00+00:00,19662.0,16105.0,0,2.54237288135593
2019-09-16 11:00:00+00:00,166162095.0,3157276.0,0,48.1666666666668
2019-09-16 11:05:00+00:00,33402675.0,804367.0,0,100.0
2019-09-16 11:10:00+00:00,23030.0,48820.0,0,100.0
2019-09-16 11:15:00+00:00,15710.0,43664.0,0,100.0
2019-09-16 11:20:00+00:00,4882.0,15071.0,0,0.166666666666515
2019-09-16 11:25:00+00:00,5200.0,4832.0,0,0.166666666666894
2019-09-16 11:30:00+00:00,6749.0,34584.0,0,7.3333333333331
2019-09-16 11:35:00+00:00,26133.0,72312.0,0,94.0983606557378
2019-09-16 11:40:00+00:00,20121.0,18181.0,0,1.14754098360663
2019-09-16 11:45:00+00:00,12111.0,54664.0,0,73.3333333333333
2019-09-16 11:50:00+00:00,601.0,923.0,0,0.166666666666515
2019-09-16 11:55:00+00:00,38741.0,1032553.0,0,0.163934426229732
2019-09-16 12:00:00+00:00,650.0,548.0,0,2.5
2019-09-16 12:05:00+00:00,1569.0,2165.0,0,0.0
2019-09-16 12:10:00+00:00,2456.0,3329.0,0,0.163934426229359
2019-09-16 12:15:00+00:00,1585.0,2165.0,0,0.16949152542396
2019-09-16 12:20:00+00:00,166.0,96.0,0,0.0
2019-09-16 12:25:00+00:00,56.0,28.0,0,0.0
2019-09-16 12:30:00+00:00,2411.0,2592.0,0,0.166666666666515
2019-09-16 12:35:00+00:00,166.0,96.0,0,0.0
2019-09-16 12:40:00+00:00,278.0,144.0,0,0.166666666666894
2019-09-16 12:45:00+00:00,56.0,28.0,0,0.0
2019-09-16 12:50:00+00:00,13819.0,17005.0,0,0.169491525423575
2019-09-16 12:55:00+00:00,56.0,28.0,0,0.166666666666515
2019-09-16 13:00:00+00:00,2097.0,2595.0,0,0.0
2019-09-16 13:05:00+00:00,56.0,28.0,0,0.166666666666515
2019-09-16 13:10:00+00:00,1421.0,2017.0,0,0.0
2019-09-16 13:15:00+00:00,166.0,232.0,0,0.0
2019-09-16 13:20:00+00:00,112.0,144.0,0,0.163934426229732
2019-09-16 13:25:00+00:00,2268.0,3320.0,0,0.0
2019-09-16 13:30:00+00:00,3712.0,6570.0,0,0.169491525423575
2019-09-16 13:35:00+00:00,56.0,28.0,0,0.0
2019-09-16 13:40:00+00:00,56.0,28.0,0,0.0
2019-09-16 13:45:00+00:00,56.0,84.0,0,0.16949152542396
2019-09-16 13:50:00+00:00,228.0,104.0,0,0.0
2019-09-16 13:55:00+00:00,56.0,28.0,0,0.0
2019-09-16 14:00:00+00:00,568.0,458.0,0,0.166666666666515
2019-09-16 14:05:00+00:00,3026.0,3277.0,0,0.0
2019-09-16 14:10:00+00:00,394.0,285.0,0,0.166666666666515
2019-09-16 14:15:00+00:00,56.0,28.0,0,0.0
2019-09-16 14:20:00+00:00,186.0,96.0,0,0.0
2019-09-16 14:25:00+00:00,1569.0,2165.0,0,0.16949152542396
2019-09-16 14:30:00+00:00,2219.0,2965.0,0,0.0
2019-09-16 14:35:00+00:00,56.0,28.0,0,0.166666666666515
2019-09-16 14:40:00+00:00,56.0,28.0,0,0.0
2019-09-16 14:45:00+00:00,334.0,168.0,0,0.0
2019-09-16 14:50:00+00:00,3911.0,5838.0,0,0.163934426229732
2019-09-16 14:55:00+00:00,1695.0,2457.0,0,0.0
2019-09-16 15:00:00+00:00,568.0,458.0,0,0.163934426229359
2019-09-16 15:05:00+00:00,6340.0,4166.0,0,0.0
2019-09-16 15:10:00+00:00,56.0,28.0,0,0.166666666666515
2019-09-16 15:15:00+00:00,56.0,28.0,0,0.0
2019-09-16 15:20:00+00:00,56.0,28.0,0,0.0
2019-09-16 15:25:00+00:00,56.0,28.0,0,0.163934426229732
2019-09-16 15:30:00+00:00,1569.0,2165.0,0,0.0
2019-09-16 15:35:00+00:00,56.0,28.0,0,0.166666666666515
2019-09-16 15:40:00+00:00,56.0,84.0,0,0.0
2019-09-16 15:45:00+00:00,514583.0,8884.0,0,0.499999999999924
2019-09-16 15:50:00+00:00,56.0,28.0,0,0.0
2019-09-16 15:55:00+00:00,56.0,28.0,0,0.166666666666894
2019-09-16 16:00:00+00:00,1585.0,2165.0,0,0.0
2019-09-16 16:05:00+00:00,2177.0,2733.0,0,0.163934426229359
2019-09-16 16:10:00+00:00,56.0,28.0,0,0.0
2019-09-16 16:15:00+00:00,174.0,296.0,0,0.0
2019-09-16 16:20:00+00:00,56.0,28.0,0,0.163934426229732
2019-09-16 16:25:00+00:00,16487.0,7494.0,0,0.0
2019-09-16 16:30:00+00:00,2972.0,3759.0,0,0.166666666666515
2019-09-16 16:35:00+00:00,166.0,232.0,0,0.0
2019-09-16 16:40:00+00:00,220.0,100.0,0,0.0
2019-09-16 16:45:00+00:00,56.0,84.0,0,0.166666666666515
2019-09-16 16:50:00+00:00,56.0,28.0,0,0.0
2019-09-16 16:55:00+00:00,56.0,28.0,0,0.0
2019-09-16 17:00:00+00:00,568.0,458.0,0,0.166666666666894
2019-09-16 17:05:00+00:00,4563.0,1630.0,0,0.166666666666515
2019-09-16 17:10:00+00:00,56.0,28.0,0,0.0
2019-09-16 17:15:00+00:00,1569.0,2281.0,0,0.163934426229732
2019-09-16 17:20:00+00:00,634.0,1445.0,0,0.166666666666515
2019-09-16 17:25:00+00:00,1701.0,2165.0,0,0.0
2019-09-16 17:30:00+00:00,936.0,675.0,0,0.0
2019-09-16 17:35:00+00:00,56.0,28.0,0,0.163934426229359
2019-09-16 17:40:00+00:00,1569.0,2165.0,0,0.0
2019-09-16 17:45:00+00:00,2415.0,2809.0,0,0.16949152542396
2019-09-16 17:50:00+00:00,56.0,28.0,0,0.0
2019-09-16 17:55:00+00:00,1569.0,2165.0,0,0.0
2019-09-16 18:00:00+00:00,568.0,458.0,0,0.166666666666515
2019-09-16 18:05:00+00:00,56.0,28.0,0,0.0
2019-09-16 18:10:00+00:00,56.0,28.0,0,0.16949152542396
2019-09-16 18:15:00+00:00,170.0,96.0,0,0.0
2019-09-16 18:20:00+00:00,56.0,28.0,0,0.0
2019-09-16 18:25:00+00:00,56.0,28.0,0,0.0
2019-09-16 18:30:00+00:00,938.0,483.0,0,0.163934426229359
2019-09-16 18:35:00+00:00,220.0,96.0,0,0.0
2019-09-16 18:40:00+00:00,56.0,84.0,0,0.0
2019-09-16 18:45:00+00:00,56.0,28.0,0,0.169491525423575
2019-09-16 18:50:00+00:00,1585.0,2165.0,0,0.0
2019-09-16 18:55:00+00:00,56.0,28.0,0,0.0
2019-09-16 19:00:00+00:00,568.0,458.0,0,0.163934426229732
2019-09-16 19:05:00+00:00,56.0,28.0,0,0.0
2019-09-16 19:10:00+00:00,56.0,28.0,0,0.0
2019-09-16 19:15:00+00:00,56.0,28.0,0,0.166666666666515
2019-09-16 19:20:00+00:00,56.0,28.0,0,0.0
2019-09-16 19:25:00+00:00,56.0,28.0,0,0.0
2019-09-16 19:30:00+00:00,938.0,623.0,0,0.16949152542396
2019-09-16 19:35:00+00:00,56.0,84.0,0,0.0
2019-09-16 19:40:00+00:00,1569.0,2165.0,0,0.166666666666515
2019-09-16 19:45:00+00:00,56.0,72.0,0,0.0
2019-09-16 19:50:00+00:00,382.0,188.0,0,0.0
2019-09-16 19:55:00+00:00,56.0,28.0,0,0.169491525423575
2019-09-16 20:00:00+00:00,1569.0,2165.0,0,0.0
2019-09-16 20:05:00+00:00,1569.0,2165.0,0,0.163934426229732
2019-09-16 20:10:00+00:00,220.0,100.0,0,0.0
2019-09-16 20:15:00+00:00,224.0,100.0,0,0.0
2019-09-16 20:20:00+00:00,3628619.0,26970.0,0,12.033898305085
2019-09-16 20:25:00+00:00,56.0,28.0,0,0.0
2019-09-16 20:30:00+00:00,938.0,483.0,0,0.166666666666515
2019-09-16 20:35:00+00:00,56.0,28.0,0,0.0
2019-09-16 20:40:00+00:00,332.0,140.0,0,0.0
2019-09-16 20:45:00+00:00,56.0,28.0,0,0.169491525423575
2019-09-16 20:50:00+00:00,1569.0,2165.0,0,0.0
2019-09-16 20:55:00+00:00,16677.0,7546.0,0,0.16949152542396
2019-09-16 21:00:00+00:00,568.0,458.0,0,0.0
2019-09-16 21:05:00+00:00,1569.0,2165.0,0,0.169491525423575
2019-09-16 21:10:00+00:00,2228.0,2797.0,0,0.0
2019-09-16 21:15:00+00:00,224.0,136.0,0,0.16949152542396
2019-09-16 21:20:00+00:00,56.0,28.0,0,0.0
2019-09-16 21:25:00+00:00,2460.0,3329.0,0,0.166666666666515
2019-09-16 21:30:00+00:00,1756.0,1939.0,0,0.0
2019-09-16 21:35:00+00:00,56.0,84.0,0,0.0
2019-09-16 21:40:00+00:00,56.0,28.0,0,0.166666666666515
2019-09-16 21:45:00+00:00,56.0,28.0,0,0.0
2019-09-16 21:50:00+00:00,222.0,348.0,0,0.0
2019-09-16 21:55:00+00:00,56.0,28.0,0,0.166666666666894
2019-09-16 22:00:00+00:00,568.0,458.0,0,0.0
2019-09-16 22:05:00+00:00,166.0,276.0,0,0.0
2019-09-16 22:10:00+00:00,56.0,72.0,0,0.169491525423575
2019-09-16 22:15:00+00:00,166.0,232.0,0,0.0
2019-09-16 22:20:00+00:00,1701.0,2165.0,0,0.163934426229732
2019-09-16 22:25:00+00:00,56.0,28.0,0,0.0
2019-09-16 22:30:00+00:00,938.0,483.0,0,0.0
2019-09-16 22:35:00+00:00,2522.0,3329.0,0,0.169491525423575
2019-09-16 22:40:00+00:00,166.0,96.0,0,0.0
2019-09-16 22:45:00+00:00,166.0,96.0,0,0.166666666666515
2019-09-16 22:50:00+00:00,56.0,28.0,0,0.0
2019-09-16 22:55:00+00:00,1750.0,2361.0,0,0.0
2019-09-16 23:00:00+00:00,1671.0,2605.0,0,0.166666666666894
2019-09-16 23:05:00+00:00,170.0,96.0,0,0.0
2019-09-16 23:10:00+00:00,480.0,1417.0,0,0.169491525423575
2019-09-16 23:15:00+00:00,56.0,28.0,0,0.0
2019-09-16 23:20:00+00:00,228.0,104.0,0,0.0
2019-09-16 23:25:00+00:00,480.0,353.0,0,0.16949152542396
2019-09-16 23:30:00+00:00,938.0,483.0,0,0.0
2019-09-16 23:35:00+00:00,220.0,100.0,0,0.163934426229359
2019-09-16 23:40:00+00:00,2918.0,3309.0,0,0.0
2019-09-16 23:45:00+00:00,56.0,28.0,0,0.169491525423575
2019-09-16 23:50:00+00:00,220.0,100.0,0,0.0
2019-09-16 23:55:00+00:00,276.0,260.0,0,0.0
2019-09-17 00:00:00+00:00,568.0,458.0,0,0.166666666666894
2019-09-17 00:05:00+00:00,56.0,28.0,0,0.0
2019-09-17 00:10:00+00:00,166.0,96.0,0,0.0
2019-09-17 00:15:00+00:00,220.0,100.0,0,0.166666666666515
2019-09-17 00:20:00+00:00,56.0,28.0,0,0.0
2019-09-17 00:25:00+00:00,56.0,28.0,0,0.0
2019-09-17 00:30:00+00:00,938.0,483.0,0,0.166666666666894
2019-09-17 00:35:00+00:00,112.0,68.0,0,0.0
2019-09-17 00:40:00+00:00,5146.0,4722.0,0,0.166666666666515
2019-09-17 00:45:00+00:00,170.0,96.0,0,0.0
2019-09-17 00:50:00+00:00,220.0,100.0,0,0.163934426229359
2019-09-17 00:55:00+00:00,220.0,100.0,0,0.0
2019-09-17 01:00:00+00:00,2202.0,1949.0,0,0.0
2019-09-17 01:05:00+00:00,56.0,28.0,0,0.166666666666894
2019-09-17 01:10:00+00:00,220.0,96.0,0,0.0
2019-09-17 01:15:00+00:00,1569.0,2165.0,0,0.163934426229359
2019-09-17 01:20:00+00:00,56.0,28.0,0,0.0
2019-09-17 01:25:00+00:00,56.0,28.0,0,0.0
2019-09-17 01:30:00+00:00,2081.0,2595.0,0,0.166666666666894
2019-09-17 01:35:00+00:00,164.0,84.0,0,0.0
2019-09-17 01:40:00+00:00,56.0,28.0,0,0.0
2019-09-17 01:45:00+00:00,56.0,28.0,0,0.169491525423575
2019-09-17 01:50:00+00:00,164.0,72.0,0,0.0
2019-09-17 01:55:00+00:00,220.0,100.0,0,0.0
2019-09-17 02:00:00+00:00,568.0,458.0,0,0.163934426229359
2019-09-17 02:05:00+00:00,56.0,28.0,0,0.0
2019-09-17 02:10:00+00:00,1569.0,2165.0,0,0.166666666666894
2019-09-17 02:15:00+00:00,56.0,28.0,0,0.0
2019-09-17 02:20:00+00:00,56.0,28.0,0,0.169491525423575
2019-09-17 02:25:00+00:00,56.0,28.0,0,0.0
2019-09-17 02:30:00+00:00,1641.0,7853.0,0,0.163934426229732
2019-09-17 02:35:00+00:00,666.0,1240.0,0,0.0
2019-09-17 02:40:00+00:00,56.0,28.0,0,0.0
2019-09-17 02:45:00+00:00,2266.0,2793.0,0,0.166666666666515
2019-09-17 02:50:00+00:00,1569.0,2165.0,0,0.0
2019-09-17 02:55:00+00:00,1569.0,2165.0,0,0.169491525423575
2019-09-17 03:00:00+00:00,1585.0,2165.0,0,0.166666666666894
2019-09-17 03:05:00+00:00,220.0,100.0,0,0.0
2019-09-17 03:10:00+00:00,56.0,28.0,0,0.0
2019-09-17 03:15:00+00:00,578.0,1417.0,0,0.166666666666515
2019-09-17 03:20:00+00:00,56.0,28.0,0,0.0
2019-09-17 03:25:00+00:00,166.0,96.0,0,0.0
2019-09-17 03:30:00+00:00,938.0,514.0,0,0.166666666666894
2019-09-17 03:35:00+00:00,56.0,28.0,0,0.0
2019-09-17 03:40:00+00:00,56.0,28.0,0,0.0
2019-09-17 03:45:00+00:00,2950.0,3329.0,0,0.166666666666515
2019-09-17 03:50:00+00:00,56.0,28.0,0,0.0
2019-09-17 03:55:00+00:00,220.0,100.0,0,0.166666666666515
2019-09-17 04:00:00+00:00,1569.0,2497.0,0,0.0
2019-09-17 04:05:00+00:00,56.0,28.0,0,0.0
2019-09-17 04:10:00+00:00,56.0,28.0,0,0.163934426229732
2019-09-17 04:15:00+00:00,170.0,96.0,0,0.0
2019-09-17 04:20:00+00:00,56.0,28.0,0,0.0
2019-09-17 04:25:00+00:00,56.0,28.0,0,0.166666666666515
2019-09-17 04:30:00+00:00,17502.0,7973.0,0,0.0
2019-09-17 04:35:00+00:00,56.0,84.0,0,0.163934426229732
2019-09-17 04:40:00+00:00,56.0,28.0,0,0.0
2019-09-17 04:45:00+00:00,56.0,28.0,0,0.0
2019-09-17 04:50:00+00:00,174.0,344.0,0,0.166666666666515
2019-09-17 04:55:00+00:00,436.0,225.0,0,0.0
2019-09-17 05:00:00+00:00,568.0,458.0,0,0.0
2019-09-17 05:05:00+00:00,56.0,28.0,0,0.166666666666515
2019-09-17 05:10:00+00:00,220.0,96.0,0,0.0
2019-09-17 05:15:00+00:00,166.0,96.0,0,0.16949152542396
2019-09-17 05:20:00+00:00,174.0,96.0,0,0.0
2019-09-17 05:25:00+00:00,1656.0,3558.0,0,0.0
2019-09-17 05:30:00+00:00,938.0,618.0,0,0.163934426229359
2019-09-17 05:35:00+00:00,56.0,28.0,0,0.0
2019-09-17 05:40:00+00:00,2606.0,3605.0,0,0.16949152542396
2019-09-17 05:45:00+00:00,166.0,96.0,0,0.0
2019-09-17 05:50:00+00:00,228.0,104.0,0,0.0
2019-09-17 05:55:00+00:00,394.0,233.0,0,0.166666666666515
2019-09-17 06:00:00+00:00,1679.0,2457.0,0,0.0
2019-09-17 06:05:00+00:00,56.0,28.0,0,0.166666666666515
2019-09-17 06:10:00+00:00,450.0,261.0,0,0.0
2019-09-17 06:15:00+00:00,56.0,28.0,0,0.163934426229732
2019-09-17 06:20:00+00:00,525.0,300.0,0,2.83333333333341
2019-09-17 06:25:00+00:00,56.0,28.0,0,0.0
2019-09-17 06:30:00+00:00,5499.0,4390.0,0,0.169491525423575
2019-09-17 06:35:00+00:00,56.0,84.0,0,4.26229508196744
2019-09-17 06:40:00+00:00,220.0,96.0,0,0.0
2019-09-17 06:45:00+00:00,56.0,28.0,0,0.166666666666515
2019-09-17 06:50:00+00:00,56.0,28.0,0,0.0
2019-09-17 06:55:00+00:00,56.0,28.0,0,0.0
2019-09-17 07:00:00+00:00,2810.0,3277.0,0,0.16949152542396
2019-09-17 07:05:00+00:00,56.0,28.0,0,0.0
2019-09-17 07:10:00+00:00,56.0,28.0,0,0.0
2019-09-17 07:15:00+00:00,1701.0,2165.0,0,0.166666666666515
2019-09-17 07:20:00+00:00,1569.0,2165.0,0,0.163934426229359
2019-09-17 07:25:00+00:00,56.0,28.0,0,0.0
2019-09-17 07:30:00+00:00,1569.0,2165.0,0,0.163934426229732
2019-09-17 07:35:00+00:00,2138.0,2937.0,0,0.0
2019-09-17 07:40:00+00:00,56.0,28.0,0,0.163934426229359
2019-09-17 07:45:00+00:00,4956.0,6078.0,0,0.0
2019-09-17 07:50:00+00:00,220.0,100.0,0,0.163934426229732
2019-09-17 07:55:00+00:00,640.0,1705.0,0,0.0
2019-09-17 08:00:00+00:00,568.0,458.0,0,0.0
2019-09-17 08:05:00+00:00,1569.0,2165.0,0,0.166666666666515
2019-09-17 08:10:00+00:00,170.0,96.0,0,0.0
2019-09-17 08:15:00+00:00,2606.0,3549.0,0,0.169491525423575
2019-09-17 08:20:00+00:00,56.0,28.0,0,0.0
2019-09-17 08:25:00+00:00,56.0,28.0,0,0.166666666666894
2019-09-17 08:30:00+00:00,1046.0,527.0,0,0.0
2019-09-17 08:35:00+00:00,2070.0,2289.0,0,0.169491525423575
2019-09-17 08:40:00+00:00,2260.0,2733.0,0,0.0
2019-09-17 08:45:00+00:00,228.0,136.0,0,0.0
2019-09-17 08:50:00+00:00,1585.0,2165.0,0,0.16949152542396
2019-09-17 08:55:00+00:00,56.0,28.0,0,0.0
2019-09-17 09:00:00+00:00,2025.0,2567.0,0,0.163934426229359
2019-09-17 09:05:00+00:00,166.0,276.0,0,0.0
2019-09-17 09:10:00+00:00,56.0,28.0,0,0.163934426229359
2019-09-17 09:15:00+00:00,2348.0,3285.0,0,0.0
2019-09-17 09:20:00+00:00,112.0,188.0,0,0.0
2019-09-17 09:25:00+00:00,220.0,100.0,0,0.163934426229732
2019-09-17 09:30:00+00:00,2078220.0,7678.0,0,10.8196721311474
2019-09-17 09:35:00+00:00,56.0,28.0,0,0.166666666666894
2019-09-17 09:40:00+00:00,56.0,28.0,0,0.0
2019-09-17 09:45:00+00:00,56.0,28.0,0,0.0
2019-09-17 09:50:00+00:00,220.0,100.0,0,0.163934426229359
2019-09-17 09:55:00+00:00,56.0,28.0,0,0.0
2019-09-17 10:00:00+00:00,1594.0,1897.0,0,0.0
2019-09-17 10:05:00+00:00,2840.0,3633.0,0,0.166666666666515
2019-09-17 10:10:00+00:00,16487.0,7442.0,0,0.166666666666894
2019-09-17 10:15:00+00:00,56.0,28.0,0,0.0
2019-09-17 10:20:00+00:00,260.0,136.0,0,0.166666666666515
2019-09-17 10:25:00+00:00,166.0,96.0,0,0.0
2019-09-17 10:30:00+00:00,938.0,483.0,0,0.0
2019-09-17 10:35:00+00:00,220.0,100.0,0,0.163934426229732
2019-09-17 10:40:00+00:00,538.0,368.0,0,0.0
2019-09-17 10:45:00+00:00,56.0,28.0,0,0.0
2019-09-17 10:50:00+00:00,56.0,28.0,0,0.166666666666515
2019-09-17 10:55:00+00:00,56.0,28.0,0,0.0
2019-09-17 11:00:00+00:00,512.0,430.0,0,0.0
2019-09-17 11:05:00+00:00,230.0,161.0,0,0.163934426229359
2019-09-17 11:10:00+00:00,56.0,28.0,0,0.0
2019-09-17 11:15:00+00:00,2684.0,3329.0,0,0.16949152542396
2019-09-17 11:20:00+00:00,1569.0,2165.0,0,0.0
2019-09-17 11:25:00+00:00,2243.0,2733.0,0,0.166666666666515
2019-09-17 11:30:00+00:00,938.0,483.0,0,0.0
2019-09-17 11:35:00+00:00,170.0,96.0,0,0.163934426229732
2019-09-17 11:40:00+00:00,56.0,28.0,0,0.0
2019-09-17 11:45:00+00:00,220.0,100.0,0,0.0
2019-09-17 11:50:00+00:00,56.0,28.0,0,0.163934426229359
2019-09-17 11:55:00+00:00,2740.0,4529.0,0,0.0
2019-09-17 12:00:00+00:00,1569.0,2165.0,0,0.166666666666515
2019-09-17 12:05:00+00:00,110.0,160.0,0,0.0
2019-09-17 12:10:00+00:00,2830.0,4701.0,0,0.166666666666894
2019-09-17 12:15:00+00:00,220.0,96.0,0,0.0
2019-09-17 12:20:00+00:00,56.0,28.0,0,0.0
2019-09-17 12:25:00+00:00,166.0,276.0,0,0.166666666666515
2019-09-17 12:30:00+00:00,2700.0,3531.0,0,0.0
2019-09-17 12:35:00+00:00,56.0,84.0,0,0.166666666666894
2019-09-17 12:40:00+00:00,56.0,28.0,0,0.0
2019-09-17 12:45:00+00:00,56.0,28.0,0,0.0
2019-09-17 12:50:00+00:00,56.0,28.0,0,0.166666666666515
2019-09-17 12:55:00+00:00,56.0,28.0,0,0.0
2019-09-17 13:00:00+00:00,512.0,430.0,0,0.0
2019-09-17 13:05:00+00:00,56.0,28.0,0,0.163934426229359
2019-09-17 13:10:00+00:00,56.0,28.0,0,0.0
2019-09-17 13:15:00+00:00,1833.0,2165.0,0,0.0
2019-09-17 13:20:00+00:00,1569.0,2277.0,0,0.166666666666894
2019-09-17 13:25:00+00:00,562.0,276.0,0,0.0
2019-09-17 13:30:00+00:00,938.0,483.0,0,0.166666666666515
2019-09-17 13:35:00+00:00,1569.0,2221.0,0,0.0
2019-09-17 13:40:00+00:00,56.0,28.0,0,0.166666666666894
2019-09-17 13:45:00+00:00,166.0,96.0,0,0.0
2019-09-17 13:50:00+00:00,56.0,28.0,0,0.0
2019-09-17 13:55:00+00:00,56.0,28.0,0,0.166666666666515
2019-09-17 14:00:00+00:00,622.0,498.0,0,0.0
2019-09-17 14:05:00+00:00,370.0,285.0,0,0.0
2019-09-17 14:10:00+00:00,578.0,1417.0,0,0.163934426229359
2019-09-17 14:15:00+00:00,1569.0,2165.0,0,0.0
2019-09-17 14:20:00+00:00,56.0,28.0,0,0.166666666666894
2019-09-17 14:25:00+00:00,1585.0,2165.0,0,0.0
2019-09-17 14:30:00+00:00,938.0,483.0,0,0.169491525423575
2019-09-17 14:35:00+00:00,2113.0,2921.0,0,0.0
2019-09-17 14:40:00+00:00,220.0,100.0,0,0.0
2019-09-17 14:45:00+00:00,16667.0,7546.0,0,0.166666666666894
2019-09-17 14:50:00+00:00,220.0,100.0,0,0.0
2019-09-17 14:55:00+00:00,2654.0,3610.0,0,0.163934426229359
2019-09-17 15:00:00+00:00,568.0,458.0,0,0.0
2019-09-17 15:05:00+00:00,56.0,28.0,0,0.169491525423575
2019-09-17 15:10:00+00:00,56.0,28.0,0,0.0
2019-09-17 15:15:00+00:00,2339.0,4925.0,0,0.163934426229732
2019-09-17 15:20:00+00:00,480.0,1417.0,0,0.0
2019-09-17 15:25:00+00:00,2610.0,3841.0,0,0.163934426229359
2019-09-17 15:30:00+00:00,938.0,483.0,0,0.0
2019-09-17 15:35:00+00:00,1569.0,2269.0,0,0.0
2019-09-17 15:40:00+00:00,56.0,84.0,0,0.166666666666894
2019-09-17 15:45:00+00:00,514047.0,5832.0,0,0.166666666666515
2019-09-17 15:50:00+00:00,56.0,28.0,0,0.166666666666515
2019-09-17 15:55:00+00:00,172.0,76.0,0,0.0
2019-09-17 16:00:00+00:00,568.0,458.0,0,0.0
2019-09-17 16:05:00+00:00,56.0,28.0,0,0.16949152542396
2019-09-17 16:10:00+00:00,56.0,28.0,0,0.0
2019-09-17 16:15:00+00:00,56.0,28.0,0,0.0
2019-09-17 16:20:00+00:00,1569.0,2165.0,0,0.163934426229359
2019-09-17 16:25:00+00:00,56.0,28.0,0,0.0
2019-09-17 16:30:00+00:00,938.0,483.0,0,0.163934426229732
2019-09-17 16:35:00+00:00,448.0,233.0,0,0.0
2019-09-17 16:40:00+00:00,56.0,84.0,0,0.166666666666515
2019-09-17 16:45:00+00:00,220.0,100.0,0,0.0
2019-09-17 16:50:00+00:00,56.0,28.0,0,0.0
2019-09-17 16:55:00+00:00,2456.0,3329.0,0,0.163934426229359
2019-09-17 17:00:00+00:00,3668.0,6933.0,0,0.0
2019-09-17 17:05:00+00:00,56.0,28.0,0,0.16949152542396
2019-09-17 17:10:00+00:00,56.0,28.0,0,0.0
2019-09-17 17:15:00+00:00,1751.0,2385.0,0,0.166666666666515
2019-09-17 17:20:00+00:00,2456.0,3329.0,0,0.0
2019-09-17 17:25:00+00:00,306.0,176.0,0,0.0
2019-09-17 17:30:00+00:00,938.0,483.0,0,0.163934426229732
2019-09-17 17:35:00+00:00,2324.0,3329.0,0,0.0
2019-09-17 17:40:00+00:00,2324.0,3329.0,0,0.166666666666515
2019-09-17 17:45:00+00:00,56.0,84.0,0,0.0
2019-09-17 17:50:00+00:00,56.0,28.0,0,0.0
2019-09-17 17:55:00+00:00,1569.0,2165.0,0,0.169491525423575
2019-09-17 18:00:00+00:00,2079.0,2651.0,0,0.163934426229732
2019-09-17 18:05:00+00:00,220.0,100.0,0,0.0
2019-09-17 18:10:00+00:00,56.0,28.0,0,0.0
2019-09-17 18:15:00+00:00,56.0,28.0,0,0.166666666666515
2019-09-17 18:20:00+00:00,2852.0,3329.0,0,0.0
2019-09-17 18:25:00+00:00,2324.0,3329.0,0,0.166666666666894
2019-09-17 18:30:00+00:00,4671.0,1674.0,0,0.163934426229359
2019-09-17 18:35:00+00:00,579.0,1417.0,0,0.0
2019-09-17 18:40:00+00:00,9162.0,11258.0,0,0.166666666666515
2019-09-17 18:45:00+00:00,16960.0,21724.0,0,0.338983050847535
2019-09-17 18:50:00+00:00,56.0,28.0,0,0.0
2019-09-17 18:55:00+00:00,516.0,317.0,0,0.166666666666515
2019-09-17 19:00:00+00:00,568.0,458.0,0,0.0
2019-09-17 19:05:00+00:00,56.0,28.0,0,0.0
2019-09-17 19:10:00+00:00,56.0,28.0,0,0.163934426229732
2019-09-17 19:15:00+00:00,228.0,104.0,0,0.0
2019-09-17 19:20:00+00:00,3058.0,2953.0,0,0.0
2019-09-17 19:25:00+00:00,56.0,28.0,0,0.163934426229359
2019-09-17 19:30:00+00:00,938.0,483.0,0,0.0
2019-09-17 19:35:00+00:00,16484.0,7442.0,0,1.18644067796618
2019-09-17 19:40:00+00:00,56.0,84.0,0,0.166666666666515
2019-09-17 19:45:00+00:00,2456.0,3329.0,0,0.0
2019-09-17 19:50:00+00:00,56.0,28.0,0,0.0
2019-09-17 19:55:00+00:00,166.0,96.0,0,0.166666666666894
2019-09-17 20:00:00+00:00,568.0,458.0,0,0.0
2019-09-17 20:05:00+00:00,56.0,28.0,0,0.163934426229359
2019-09-17 20:10:00+00:00,56.0,28.0,0,0.0
2019-09-17 20:15:00+00:00,578.0,1417.0,0,0.0
2019-09-17 20:20:00+00:00,1569.0,2165.0,0,0.166666666666515
2019-09-17 20:25:00+00:00,56.0,28.0,0,0.0
2019-09-17 20:30:00+00:00,938.0,483.0,0,0.166666666666894
2019-09-17 20:35:00+00:00,166.0,332.0,0,0.0
2019-09-17 20:40:00+00:00,56.0,28.0,0,0.0
2019-09-17 20:45:00+00:00,166.0,96.0,0,0.163934426229359
2019-09-17 20:50:00+00:00,56.0,28.0,0,0.0
2019-09-17 20:55:00+00:00,56.0,28.0,0,0.0
2019-09-17 21:00:00+00:00,568.0,458.0,0,0.166666666666894
2019-09-17 21:05:00+00:00,56.0,28.0,0,0.0
2019-09-17 21:10:00+00:00,56.0,28.0,0,0.0
2019-09-17 21:15:00+00:00,1569.0,2165.0,0,0.163934426229359
2019-09-17 21:20:00+00:00,1569.0,2165.0,0,0.0
2019-09-17 21:25:00+00:00,166.0,320.0,0,0.163934426229359
2019-09-17 21:30:00+00:00,938.0,483.0,0,0.0
2019-09-17 21:35:00+00:00,1569.0,2165.0,0,0.166666666666894
2019-09-17 21:40:00+00:00,166.0,232.0,0,0.0
2019-09-17 21:45:00+00:00,166.0,96.0,0,0.0
2019-09-17 21:50:00+00:00,1569.0,2165.0,0,0.163934426229359
2019-09-17 21:55:00+00:00,220.0,100.0,0,0.0
2019-09-17 22:00:00+00:00,680.0,502.0,0,0.166666666666894
2019-09-17 22:05:00+00:00,3192.0,2561.0,0,0.0
2019-09-17 22:10:00+00:00,4056.0,5159.0,0,0.163934426229359
2019-09-17 22:15:00+00:00,56.0,28.0,0,0.0
2019-09-17 22:20:00+00:00,1639.0,2205.0,0,0.169491525423575
2019-09-17 22:25:00+00:00,220.0,232.0,0,0.0
2019-09-17 22:30:00+00:00,938.0,483.0,0,0.163934426229732
2019-09-17 22:35:00+00:00,166.0,96.0,0,0.0
2019-09-17 22:40:00+00:00,56.0,28.0,0,0.0
2019-09-17 22:45:00+00:00,56.0,28.0,0,0.166666666666515
2019-09-17 22:50:00+00:00,166.0,96.0,0,0.0
2019-09-17 22:55:00+00:00,56.0,28.0,0,0.0
2019-09-17 23:00:00+00:00,568.0,458.0,0,0.163934426229732
2019-09-17 23:05:00+00:00,56.0,28.0,0,0.0
2019-09-17 23:10:00+00:00,2067.0,2733.0,0,0.0
2019-09-17 23:15:00+00:00,56.0,28.0,0,0.169491525423575
2019-09-17 23:20:00+00:00,56.0,28.0,0,0.0
2019-09-17 23:25:00+00:00,56.0,28.0,0,0.0
2019-09-17 23:30:00+00:00,2912.0,3731.0,0,0.169491525423575
2019-09-17 23:35:00+00:00,56.0,84.0,0,0.0
2019-09-17 23:40:00+00:00,56.0,28.0,0,0.163934426229732
2019-09-17 23:45:00+00:00,228.0,104.0,0,0.0
2019-09-17 23:50:00+00:00,394.0,285.0,0,0.0
2019-09-17 23:55:00+00:00,220.0,100.0,0,0.166666666666515
2019-09-18 00:00:00+00:00,622.0,722.0,0,0.0
2019-09-18 00:05:00+00:00,56.0,28.0,0,0.0
2019-09-18 00:10:00+00:00,2870.0,3329.0,0,0.163934426229732
2019-09-18 00:15:00+00:00,56.0,28.0,0,0.0
2019-09-18 00:20:00+00:00,220.0,100.0,0,0.166666666666515
2019-09-18 00:25:00+00:00,56.0,28.0,0,0.0
2019-09-18 00:30:00+00:00,938.0,483.0,0,0.0
2019-09-18 00:35:00+00:00,220.0,100.0,0,0.166666666666515
2019-09-18 00:40:00+00:00,56.0,28.0,0,0.0
2019-09-18 00:45:00+00:00,2588.0,3329.0,0,0.0
2019-09-18 00:50:00+00:00,56.0,28.0,0,0.16949152542396
2019-09-18 00:55:00+00:00,56.0,28.0,0,0.0
2019-09-18 01:00:00+00:00,2658.0,2351.0,0,0.166666666666515
2019-09-18 01:05:00+00:00,56.0,28.0,0,0.0
2019-09-18 01:10:00+00:00,1276.0,1365.0,0,0.166666666666894
2019-09-18 01:15:00+00:00,250.0,337.0,0,0.0
2019-09-18 01:20:00+00:00,56.0,28.0,0,0.0
2019-09-18 01:25:00+00:00,2324.0,3329.0,0,0.163934426229359
2019-09-18 01:30:00+00:00,938.0,498.0,0,0.0
2019-09-18 01:35:00+00:00,1704.0,1896.0,0,0.169491525423575
2019-09-18 01:40:00+00:00,1585.0,2165.0,0,0.0
2019-09-18 01:45:00+00:00,56.0,28.0,0,0.166666666666894
2019-09-18 01:50:00+00:00,56.0,28.0,0,0.0
2019-09-18 01:55:00+00:00,2840.0,3277.0,0,0.169491525423575
2019-09-18 02:00:00+00:00,568.0,458.0,0,0.0
2019-09-18 02:05:00+00:00,56.0,28.0,0,0.0
2019-09-18 02:10:00+00:00,56.0,28.0,0,0.163934426229732
2019-09-18 02:15:00+00:00,56.0,28.0,0,0.0
2019-09-18 02:20:00+00:00,220.0,100.0,0,0.0
2019-09-18 02:25:00+00:00,56.0,28.0,0,0.163934426229359
2019-09-18 02:30:00+00:00,938.0,483.0,0,0.0
2019-09-18 02:35:00+00:00,56.0,84.0,0,0.0
2019-09-18 02:40:00+00:00,166.0,232.0,0,0.166666666666515
2019-09-18 02:45:00+00:00,112.0,144.0,0,0.0
2019-09-18 02:50:00+00:00,2654.0,3329.0,0,0.163934426229732
2019-09-18 02:55:00+00:00,56.0,28.0,0,0.0
2019-09-18 03:00:00+00:00,26422.0,15784.0,0,0.166666666666515
2019-09-18 03:05:00+00:00,56.0,28.0,0,0.0
2019-09-18 03:10:00+00:00,1126.0,1417.0,0,0.163934426229732
2019-09-18 03:15:00+00:00,220.0,100.0,0,0.0
2019-09-18 03:20:00+00:00,56.0,28.0,0,0.0
2019-09-18 03:25:00+00:00,166.0,96.0,0,0.163934426229359
2019-09-18 03:30:00+00:00,938.0,483.0,0,0.0
2019-09-18 03:35:00+00:00,56.0,28.0,0,0.0
2019-09-18 03:40:00+00:00,56.0,84.0,0,0.169491525423575
2019-09-18 03:45:00+00:00,56.0,28.0,0,0.0
2019-09-18 03:50:00+00:00,56.0,28.0,0,0.0
2019-09-18 03:55:00+00:00,170.0,96.0,0,0.166666666666894
2019-09-18 04:00:00+00:00,568.0,458.0,0,0.0
2019-09-18 04:05:00+00:00,56.0,28.0,0,0.0
2019-09-18 04:10:00+00:00,4636.0,5806.0,0,0.169491525423575
2019-09-18 04:15:00+00:00,220.0,100.0,0,0.0
2019-09-18 04:20:00+00:00,2063.0,2826.0,0,0.163934426229732
2019-09-18 04:25:00+00:00,3192.0,2561.0,0,0.0
2019-09-18 04:30:00+00:00,938.0,486.0,0,0.169491525423575
2019-09-18 04:35:00+00:00,220.0,320.0,0,0.0
2019-09-18 04:40:00+00:00,164.0,128.0,0,0.163934426229359
2019-09-18 04:45:00+00:00,56.0,28.0,0,0.0
2019-09-18 04:50:00+00:00,56.0,28.0,0,0.0
2019-09-18 04:55:00+00:00,1585.0,2165.0,0,0.163934426229732
2019-09-18 05:00:00+00:00,568.0,458.0,0,0.0
2019-09-18 05:05:00+00:00,56.0,28.0,0,0.0
2019-09-18 05:10:00+00:00,1569.0,2165.0,0,0.166666666666515
2019-09-18 05:15:00+00:00,4594.0,3598.0,0,0.166666666666894
2019-09-18 05:20:00+00:00,170.0,96.0,0,0.0
2019-09-18 05:25:00+00:00,1654.0,8029.0,0,0.0
2019-09-18 05:30:00+00:00,938.0,483.0,0,0.169491525423575
2019-09-18 05:35:00+00:00,346.0,233.0,0,0.0
2019-09-18 05:40:00+00:00,1569.0,2165.0,0,0.166666666666515
2019-09-18 05:45:00+00:00,56.0,28.0,0,0.0
2019-09-18 05:50:00+00:00,56.0,28.0,0,0.0
2019-09-18 05:55:00+00:00,56.0,28.0,0,0.166666666666894
2019-09-18 06:00:00+00:00,568.0,458.0,0,0.0
2019-09-18 06:05:00+00:00,436.0,7025.0,0,0.0
2019-09-18 06:10:00+00:00,56.0,28.0,0,4.4262295081968
2019-09-18 06:15:00+00:00,56.0,28.0,0,0.166666666666515
2019-09-18 06:20:00+00:00,527.0,504.0,0,1.66666666666667
2019-09-18 06:25:00+00:00,220.0,276.0,0,0.0
2019-09-18 06:30:00+00:00,938.0,483.0,0,0.166666666666515
2019-09-18 06:35:00+00:00,1569.0,2165.0,0,0.0
2019-09-18 06:40:00+00:00,220.0,100.0,0,0.16949152542396
2019-09-18 06:45:00+00:00,56.0,28.0,0,0.0
2019-09-18 06:50:00+00:00,1503.0,2165.0,0,0.0
2019-09-18 06:55:00+00:00,166.0,96.0,0,0.166666666666515
2019-09-18 07:00:00+00:00,1569.0,2165.0,0,0.0
2019-09-18 07:05:00+00:00,1569.0,2165.0,0,0.166666666666894
2019-09-18 07:10:00+00:00,170.0,96.0,0,0.0
2019-09-18 07:15:00+00:00,1569.0,2165.0,0,0.163934426229359
2019-09-18 07:20:00+00:00,286.0,144.0,0,0.0
2019-09-18 07:25:00+00:00,1569.0,2165.0,0,0.163934426229359
2019-09-18 07:30:00+00:00,938.0,526.0,0,0.0
2019-09-18 07:35:00+00:00,480.0,1417.0,0,0.0
2019-09-18 07:40:00+00:00,1585.0,2165.0,0,0.166666666666894
2019-09-18 07:45:00+00:00,56.0,28.0,0,0.0
2019-09-18 07:50:00+00:00,220.0,100.0,0,0.169491525423575
2019-09-18 07:55:00+00:00,56.0,28.0,0,0.0
2019-09-18 08:00:00+00:00,1709.0,2285.0,0,0.166666666666894
2019-09-18 08:05:00+00:00,220.0,100.0,0,0.0
2019-09-18 08:10:00+00:00,56.0,28.0,0,0.0
2019-09-18 08:15:00+00:00,228.0,104.0,0,0.166666666666515
2019-09-18 08:20:00+00:00,56.0,28.0,0,0.0
2019-09-18 08:25:00+00:00,1001.0,1445.0,0,0.0
2019-09-18 08:30:00+00:00,1746.0,1982.0,0,0.166666666666515
2019-09-18 08:35:00+00:00,2234.0,1969.0,0,0.0
2019-09-18 08:40:00+00:00,1979.0,2733.0,0,0.163934426229732
2019-09-18 08:45:00+00:00,56.0,84.0,0,0.0
2019-09-18 08:50:00+00:00,56.0,28.0,0,0.163934426229359
2019-09-18 08:55:00+00:00,56.0,28.0,0,0.0
2019-09-18 09:00:00+00:00,622.0,498.0,0,0.0
2019-09-18 09:05:00+00:00,56.0,28.0,0,0.16949152542396
2019-09-18 09:10:00+00:00,56.0,28.0,0,0.0
2019-09-18 09:15:00+00:00,56.0,28.0,0,0.0
2019-09-18 09:20:00+00:00,56.0,28.0,0,0.166666666666515
2019-09-18 09:25:00+00:00,56.0,28.0,0,0.0
2019-09-18 09:30:00+00:00,3002.0,3895.0,0,0.163934426229359
2019-09-18 09:35:00+00:00,220.0,100.0,0,0.0
2019-09-18 09:40:00+00:00,4563.0,1630.0,0,0.16949152542396
2019-09-18 09:45:00+00:00,3230.0,4302.0,0,0.166666666666515
2019-09-18 09:50:00+00:00,56.0,28.0,0,0.0
2019-09-18 09:55:00+00:00,436.0,276.0,0,0.166666666666894
2019-09-18 10:00:00+00:00,568.0,458.0,0,0.0
2019-09-18 10:05:00+00:00,220.0,232.0,0,0.166666666666515
2019-09-18 10:10:00+00:00,186.0,96.0,0,0.0
2019-09-18 10:15:00+00:00,56.0,28.0,0,0.163934426229359
2019-09-18 10:20:00+00:00,56.0,28.0,0,0.0
2019-09-18 10:25:00+00:00,16578.0,7442.0,0,0.0
2019-09-18 10:30:00+00:00,938.0,483.0,0,0.163934426229732
2019-09-18 10:35:00+00:00,1569.0,2221.0,0,0.166666666666515
2019-09-18 10:40:00+00:00,56.0,28.0,0,0.0
2019-09-18 10:45:00+00:00,56.0,28.0,0,0.0
2019-09-18 10:50:00+00:00,56.0,28.0,0,0.0
2019-09-18 10:55:00+00:00,436.0,8157.0,0,0.166666666666894
2019-09-18 11:00:00+00:00,2456.0,3329.0,0,0.0
2019-09-18 11:05:00+00:00,1467.0,2113.0,0,0.166666666666515
2019-09-18 11:10:00+00:00,2243.0,2733.0,0,0.166666666666515
2019-09-18 11:15:00+00:00,220.0,100.0,0,0.0
2019-09-18 11:20:00+00:00,220.0,100.0,0,0.0
2019-09-18 11:25:00+00:00,2262.0,3329.0,0,0.166666666666894
2019-09-18 11:30:00+00:00,1046.0,527.0,0,0.0
2019-09-18 11:35:00+00:00,56.0,84.0,0,0.0
2019-09-18 11:40:00+00:00,1569.0,2165.0,0,0.166666666666515
2019-09-18 11:45:00+00:00,274.0,160.0,0,0.0
2019-09-18 11:50:00+00:00,220.0,96.0,0,0.163934426229732
2019-09-18 11:55:00+00:00,166.0,276.0,0,0.0
2019-09-18 12:00:00+00:00,1585.0,2165.0,0,0.0
2019-09-18 12:05:00+00:00,969.0,1801.0,0,0.163934426229359
2019-09-18 12:10:00+00:00,656.0,392.0,0,0.0
2019-09-18 12:15:00+00:00,56.0,28.0,0,0.169491525423575
2019-09-18 12:20:00+00:00,56.0,28.0,0,0.0
2019-09-18 12:25:00+00:00,56.0,28.0,0,0.0
2019-09-18 12:30:00+00:00,938.0,483.0,0,0.163934426229732
2019-09-18 12:35:00+00:00,56.0,28.0,0,0.0
2019-09-18 12:40:00+00:00,56.0,28.0,0,0.0
2019-09-18 12:45:00+00:00,1569.0,2165.0,0,0.166666666666515
2019-09-18 12:50:00+00:00,5142.0,4634.0,0,0.0
2019-09-18 12:55:00+00:00,1569.0,2165.0,0,0.16949152542396
2019-09-18 13:00:00+00:00,1585.0,2165.0,0,0.166666666666515
2019-09-18 13:05:00+00:00,166.0,96.0,0,0.0
2019-09-18 13:10:00+00:00,166.0,232.0,0,0.0
2019-09-18 13:15:00+00:00,56.0,28.0,0,0.163934426229359
2019-09-18 13:20:00+00:00,56.0,28.0,0,0.0
2019-09-18 13:25:00+00:00,166.0,276.0,0,0.0
2019-09-18 13:30:00+00:00,938.0,483.0,0,0.16949152542396
2019-09-18 13:35:00+00:00,56.0,28.0,0,0.0
2019-09-18 13:40:00+00:00,166.0,96.0,0,0.0
2019-09-18 13:45:00+00:00,166.0,96.0,0,0.163934426229359
2019-09-18 13:50:00+00:00,56.0,28.0,0,0.0
2019-09-18 13:55:00+00:00,1569.0,2165.0,0,0.0
2019-09-18 14:00:00+00:00,568.0,458.0,0,0.163934426229732
2019-09-18 14:05:00+00:00,2530.0,3493.0,0,0.0
2019-09-18 14:10:00+00:00,166.0,320.0,0,0.166666666666515
2019-09-18 14:15:00+00:00,166.0,96.0,0,0.0
2019-09-18 14:20:00+00:00,39552398.0,79564.0,0,13.1666666666668
2019-09-18 14:25:00+00:00,56.0,84.0,0,0.0
2019-09-18 14:30:00+00:00,1569.0,2165.0,0,0.166666666666515
2019-09-18 14:35:00+00:00,1141.0,1509.0,0,0.0
2019-09-18 14:40:00+00:00,56.0,28.0,0,0.169491525423575
2019-09-18 14:45:00+00:00,328.0,274.0,0,0.0
2019-09-18 14:50:00+00:00,56.0,28.0,0,0.0
2019-09-18 14:55:00+00:00,274.0,100.0,0,0.166666666666894
2019-09-18 15:00:00+00:00,568.0,458.0,0,0.0
2019-09-18 15:05:00+00:00,16539.0,7514.0,0,0.166666666666515
2019-09-18 15:10:00+00:00,56.0,28.0,0,0.0
2019-09-18 15:15:00+00:00,220.0,100.0,0,0.163934426229732
2019-09-18 15:20:00+00:00,6318.0,4318.0,0,0.0
2019-09-18 15:25:00+00:00,2118.0,3145.0,0,0.163934426229359
2019-09-18 15:30:00+00:00,938.0,539.0,0,0.0
2019-09-18 15:35:00+00:00,56.0,28.0,0,0.166666666666515
2019-09-18 15:40:00+00:00,2050.0,2185.0,0,0.0
2019-09-18 15:45:00+00:00,220.0,100.0,0,0.166666666666894
2019-09-18 15:50:00+00:00,525837.0,7428.0,0,0.166666666666515
2019-09-18 15:55:00+00:00,2456.0,3329.0,0,0.0
2019-09-18 16:00:00+00:00,568.0,458.0,0,0.16949152542396
2019-09-18 16:05:00+00:00,1585.0,2165.0,0,0.0
2019-09-18 16:10:00+00:00,56.0,28.0,0,0.169491525423575
2019-09-18 16:15:00+00:00,228.0,104.0,0,0.0
2019-09-18 16:20:00+00:00,56.0,28.0,0,0.0
2019-09-18 16:25:00+00:00,220.0,100.0,0,0.169491525423575
2019-09-18 16:30:00+00:00,2706.0,2595.0,0,0.0
2019-09-18 16:35:00+00:00,56.0,28.0,0,0.166666666666894
2019-09-18 16:40:00+00:00,56.0,28.0,0,0.0
2019-09-18 16:45:00+00:00,170.0,96.0,0,0.0
2019-09-18 16:50:00+00:00,2853.0,2954.0,0,0.166666666666515
2019-09-18 16:55:00+00:00,1833.0,2229.0,0,0.166666666666894
2019-09-18 17:00:00+00:00,568.0,458.0,0,0.0
2019-09-18 17:05:00+00:00,56.0,28.0,0,0.0
2019-09-18 17:10:00+00:00,1569.0,2165.0,0,0.169491525423575
2019-09-18 17:15:00+00:00,56.0,28.0,0,0.0
2019-09-18 17:20:00+00:00,2456.0,3329.0,0,0.166666666666515
2019-09-18 17:25:00+00:00,220.0,100.0,0,0.0
2019-09-18 17:30:00+00:00,2912.0,3731.0,0,0.166666666666894
2019-09-18 17:35:00+00:00,56.0,28.0,0,0.0
2019-09-18 17:40:00+00:00,56.0,28.0,0,0.0
2019-09-18 17:45:00+00:00,1569.0,2165.0,0,0.166666666666515
2019-09-18 17:50:00+00:00,56.0,28.0,0,0.0
2019-09-18 17:55:00+00:00,56.0,28.0,0,0.0
2019-09-18 18:00:00+00:00,1034.0,1819.0,0,0.166666666666894
2019-09-18 18:05:00+00:00,220.0,100.0,0,0.0
2019-09-18 18:10:00+00:00,56.0,28.0,0,0.169491525423575
2019-09-18 18:15:00+00:00,56.0,28.0,0,0.0
2019-09-18 18:20:00+00:00,1383.0,1801.0,0,0.0
2019-09-18 18:25:00+00:00,1032.0,5893.0,0,0.166666666666515
2019-09-18 18:30:00+00:00,2081.0,3779.0,0,0.0
2019-09-18 18:35:00+00:00,2934.0,3329.0,0,0.16949152542396
2019-09-18 18:40:00+00:00,1585.0,2165.0,0,0.0
2019-09-18 18:45:00+00:00,220.0,100.0,0,0.166666666666515
2019-09-18 18:50:00+00:00,56.0,28.0,0,0.0
2019-09-18 18:55:00+00:00,56.0,28.0,0,0.0
2019-09-18 19:00:00+00:00,568.0,458.0,0,0.166666666666894
2019-09-18 19:05:00+00:00,56.0,28.0,0,0.0
2019-09-18 19:10:00+00:00,1569.0,2165.0,0,0.163934426229359
2019-09-18 19:15:00+00:00,858.0,4805.0,0,0.0
2019-09-18 19:20:00+00:00,56.0,28.0,0,0.0
2019-09-18 19:25:00+00:00,56.0,28.0,0,0.166666666666515
2019-09-18 19:30:00+00:00,938.0,483.0,0,0.0
2019-09-18 19:35:00+00:00,56.0,28.0,0,0.0
2019-09-18 19:40:00+00:00,56.0,28.0,0,0.16949152542396
2019-09-18 19:45:00+00:00,1569.0,2165.0,0,0.0
2019-09-18 19:50:00+00:00,220.0,96.0,0,0.163934426229359
2019-09-18 19:55:00+00:00,1569.0,2165.0,0,0.0
2019-09-18 20:00:00+00:00,676.0,502.0,0,0.163934426229732
2019-09-18 20:05:00+00:00,1569.0,2165.0,0,0.0
2019-09-18 20:10:00+00:00,56.0,28.0,0,0.169491525423575
2019-09-18 20:15:00+00:00,166.0,96.0,0,0.0
2019-09-18 20:20:00+00:00,56.0,28.0,0,0.0
2019-09-18 20:25:00+00:00,1585.0,2165.0,0,0.163934426229359
2019-09-18 20:30:00+00:00,992.0,514.0,0,0.0
2019-09-18 20:35:00+00:00,56.0,28.0,0,0.0
2019-09-18 20:40:00+00:00,16633.0,7470.0,0,0.166666666666894
2019-09-18 20:45:00+00:00,2510.0,3429.0,0,0.163934426229359
2019-09-18 20:50:00+00:00,56.0,28.0,0,0.0
2019-09-18 20:55:00+00:00,166.0,96.0,0,0.0
2019-09-18 21:00:00+00:00,2456.0,3329.0,0,0.166666666666894
2019-09-18 21:05:00+00:00,174.0,344.0,0,0.0
2019-09-18 21:10:00+00:00,1569.0,2165.0,0,0.169491525423575
2019-09-18 21:15:00+00:00,220.0,100.0,0,0.0
2019-09-18 21:20:00+00:00,1569.0,2165.0,0,0.166666666666515
2019-09-18 21:25:00+00:00,166.0,276.0,0,0.0
2019-09-18 21:30:00+00:00,938.0,483.0,0,0.16949152542396
2019-09-18 21:35:00+00:00,1677.0,2209.0,0,0.0
2019-09-18 21:40:00+00:00,166.0,96.0,0,0.0
2019-09-18 21:45:00+00:00,56.0,28.0,0,0.166666666666515
2019-09-18 21:50:00+00:00,56.0,28.0,0,0.0
2019-09-18 21:55:00+00:00,2340.0,4341.0,0,0.166666666666894
2019-09-18 22:00:00+00:00,646.0,822.0,0,0.0
2019-09-18 22:05:00+00:00,1569.0,2165.0,0,0.166666666666515
2019-09-18 22:10:00+00:00,56.0,28.0,0,0.0
2019-09-18 22:15:00+00:00,56.0,28.0,0,0.0
2019-09-18 22:20:00+00:00,186.0,152.0,0,0.163934426229359
2019-09-18 22:25:00+00:00,166.0,232.0,0,0.0
2019-09-18 22:30:00+00:00,938.0,483.0,0,0.0
2019-09-18 22:35:00+00:00,56.0,28.0,0,0.16949152542396
2019-09-18 22:40:00+00:00,56.0,28.0,0,0.0
2019-09-18 22:45:00+00:00,1689.0,2429.0,0,0.166666666666515
2019-09-18 22:50:00+00:00,56.0,28.0,0,0.0
2019-09-18 22:55:00+00:00,56.0,28.0,0,0.0
2019-09-18 23:00:00+00:00,568.0,458.0,0,0.166666666666894
2019-09-18 23:05:00+00:00,56.0,28.0,0,0.0
2019-09-18 23:10:00+00:00,2770.0,1945.0,0,0.166666666666515
2019-09-18 23:15:00+00:00,56.0,28.0,0,0.0
2019-09-18 23:20:00+00:00,1940.0,2289.0,0,0.0
2019-09-18 23:25:00+00:00,1569.0,2165.0,0,0.163934426229359
2019-09-18 23:30:00+00:00,938.0,483.0,0,0.166666666666894
2019-09-18 23:35:00+00:00,4563.0,1682.0,0,0.163934426229359
2019-09-18 23:40:00+00:00,56.0,28.0,0,0.0
2019-09-18 23:45:00+00:00,56.0,28.0,0,0.166666666666894
2019-09-18 23:50:00+00:00,480.0,1417.0,0,0.0
2019-09-18 23:55:00+00:00,2111.0,2733.0,0,0.0
2019-09-19 00:00:00+00:00,2025.0,2567.0,0,0.166666666666515
2019-09-19 00:05:00+00:00,7128.0,7216.0,0,0.163934426229359
2019-09-19 00:10:00+00:00,1905.0,2193.0,0,0.166666666666894
2019-09-19 00:15:00+00:00,2456.0,3329.0,0,0.0
2019-09-19 00:20:00+00:00,276.0,388.0,0,0.0
2019-09-19 00:25:00+00:00,220.0,96.0,0,0.166666666666515
2019-09-19 00:30:00+00:00,992.0,523.0,0,0.0
2019-09-19 00:35:00+00:00,56.0,28.0,0,0.0
2019-09-19 00:40:00+00:00,3117.0,8157.0,0,0.16949152542396
2019-09-19 00:45:00+00:00,112.0,2320.0,0,0.163934426229359
2019-09-19 00:50:00+00:00,1974.0,2361.0,0,0.0
2019-09-19 00:55:00+00:00,56.0,28.0,0,0.0
2019-09-19 01:00:00+00:00,2582.0,2327.0,0,0.166666666666515
2019-09-19 01:05:00+00:00,346.0,233.0,0,0.0
2019-09-19 01:10:00+00:00,56.0,28.0,0,0.166666666666894
2019-09-19 01:15:00+00:00,56.0,28.0,0,0.0
2019-09-19 01:20:00+00:00,56.0,84.0,0,0.0
2019-09-19 01:25:00+00:00,56.0,28.0,0,0.166666666666515
2019-09-19 01:30:00+00:00,1046.0,523.0,0,0.0
2019-09-19 01:35:00+00:00,16576.0,7494.0,0,0.163934426229732
2019-09-19 01:40:00+00:00,1808.0,2117.0,0,0.0
2019-09-19 01:45:00+00:00,228.0,104.0,0,0.166666666666515
2019-09-19 01:50:00+00:00,56.0,28.0,0,0.0
2019-09-19 01:55:00+00:00,578.0,1417.0,0,0.0
2019-09-19 02:00:00+00:00,568.0,458.0,0,0.163934426229359
2019-09-19 02:05:00+00:00,56.0,28.0,0,0.0
2019-09-19 02:10:00+00:00,56.0,28.0,0,0.0
2019-09-19 02:15:00+00:00,1979.0,2837.0,0,0.16949152542396
2019-09-19 02:20:00+00:00,56.0,28.0,0,0.0
2019-09-19 02:25:00+00:00,56.0,84.0,0,0.169491525423575
2019-09-19 02:30:00+00:00,938.0,483.0,0,0.0
2019-09-19 02:35:00+00:00,56.0,28.0,0,0.0
2019-09-19 02:40:00+00:00,220.0,100.0,0,0.163934426229732
2019-09-19 02:45:00+00:00,166.0,96.0,0,0.0
2019-09-19 02:50:00+00:00,56.0,28.0,0,0.0
2019-09-19 02:55:00+00:00,56.0,28.0,0,0.163934426229359
2019-09-19 03:00:00+00:00,2727100.0,20837.0,0,11.8333333333332
2019-09-19 03:05:00+00:00,56.0,28.0,0,0.166666666666894
2019-09-19 03:10:00+00:00,56.0,28.0,0,0.0
2019-09-19 03:15:00+00:00,110.0,160.0,0,0.0
2019-09-19 03:20:00+00:00,5204.0,4614.0,0,0.169491525423575
2019-09-19 03:25:00+00:00,694.0,1365.0,0,0.0
2019-09-19 03:30:00+00:00,938.0,483.0,0,0.16949152542396
2019-09-19 03:35:00+00:00,166.0,276.0,0,0.0
2019-09-19 03:40:00+00:00,56.0,28.0,0,0.166666666666515
2019-09-19 03:45:00+00:00,2324.0,3329.0,0,0.0
2019-09-19 03:50:00+00:00,1788.0,2607.0,0,0.166666666666515
2019-09-19 03:55:00+00:00,56.0,28.0,0,0.0
2019-09-19 04:00:00+00:00,568.0,458.0,0,0.0
2019-09-19 04:05:00+00:00,56.0,28.0,0,0.16949152542396
2019-09-19 04:10:00+00:00,3989.0,5466.0,0,0.0
2019-09-19 04:15:00+00:00,56.0,28.0,0,0.166666666666515
2019-09-19 04:20:00+00:00,56.0,28.0,0,0.0
2019-09-19 04:25:00+00:00,56.0,84.0,0,0.0
2019-09-19 04:30:00+00:00,2081.0,2595.0,0,0.166666666666894
2019-09-19 04:35:00+00:00,166.0,96.0,0,0.0
2019-09-19 04:40:00+00:00,56.0,28.0,0,0.169491525423575
2019-09-19 04:45:00+00:00,56.0,28.0,0,0.0
2019-09-19 04:50:00+00:00,164.0,72.0,0,0.0
2019-09-19 04:55:00+00:00,112.0,56.0,0,0.166666666666515
2019-09-19 05:00:00+00:00,4563.0,1630.0,0,0.163934426229732
2019-09-19 05:05:00+00:00,172.0,76.0,0,0.0
2019-09-19 05:10:00+00:00,56.0,28.0,0,0.166666666666515
2019-09-19 05:15:00+00:00,1569.0,2165.0,0,0.0
2019-09-19 05:20:00+00:00,220.0,100.0,0,0.16949152542396
2019-09-19 05:25:00+00:00,56.0,28.0,0,0.0
2019-09-19 05:30:00+00:00,938.0,483.0,0,0.0
2019-09-19 05:35:00+00:00,56.0,28.0,0,0.169491525423575
2019-09-19 05:40:00+00:00,56.0,28.0,0,0.0
2019-09-19 05:45:00+00:00,56.0,28.0,0,0.0
2019-09-19 05:50:00+00:00,220.0,100.0,0,0.163934426229359
2019-09-19 05:55:00+00:00,2117.0,2733.0,0,0.0
2019-09-19 06:00:00+00:00,568.0,458.0,0,0.163934426229732
2019-09-19 06:05:00+00:00,1569.0,2165.0,0,0.0
2019-09-19 06:10:00+00:00,578.0,1417.0,0,0.166666666666515
2019-09-19 06:15:00+00:00,56.0,84.0,0,0.0
2019-09-19 06:20:00+00:00,1625.0,2193.0,0,0.999999999999849
2019-09-19 06:25:00+00:00,166.0,96.0,0,0.166666666666894
2019-09-19 06:30:00+00:00,19165.0,10281.0,0,0.0
2019-09-19 06:35:00+00:00,328.0,492.0,0,0.163934426229359
2019-09-19 06:40:00+00:00,1569.0,2165.0,0,0.0
2019-09-19 06:45:00+00:00,1085.0,1481.0,0,0.169491525423575
2019-09-19 06:50:00+00:00,56.0,28.0,0,39.666666666667
2019-09-19 06:55:00+00:00,56.0,28.0,0,0.0
2019-09-19 07:00:00+00:00,568.0,458.0,0,0.0
2019-09-19 07:05:00+00:00,56.0,28.0,0,0.169491525423575
2019-09-19 07:10:00+00:00,166.0,96.0,0,0.0
2019-09-19 07:15:00+00:00,186.0,96.0,0,0.0
2019-09-19 07:20:00+00:00,56.0,28.0,0,0.166666666666894
2019-09-19 07:25:00+00:00,174.0,344.0,0,0.0
2019-09-19 07:30:00+00:00,938.0,483.0,0,0.0
2019-09-19 07:35:00+00:00,1569.0,2165.0,0,0.169491525423575
2019-09-19 07:40:00+00:00,56.0,28.0,0,0.0
2019-09-19 07:45:00+00:00,56.0,28.0,0,0.166666666666894
2019-09-19 07:50:00+00:00,56.0,28.0,0,0.0
2019-09-19 07:55:00+00:00,56.0,28.0,0,1.16666666666636
2019-09-19 08:00:00+00:00,2410.0,3329.0,0,0.166666666666894
2019-09-19 08:05:00+00:00,56.0,28.0,0,0.0
2019-09-19 08:10:00+00:00,2340.0,3329.0,0,0.166666666666515
2019-09-19 08:15:00+00:00,56.0,28.0,0,0.0
2019-09-19 08:20:00+00:00,56.0,28.0,0,0.0
2019-09-19 08:25:00+00:00,2366.0,2021.0,0,0.166666666666894
2019-09-19 08:30:00+00:00,938.0,498.0,0,0.0
2019-09-19 08:35:00+00:00,166.0,96.0,0,0.0
2019-09-19 08:40:00+00:00,1693.0,2205.0,0,0.169491525423575
2019-09-19 08:45:00+00:00,220.0,100.0,0,0.0
2019-09-19 08:50:00+00:00,56.0,28.0,0,0.163934426229359
2019-09-19 08:55:00+00:00,56.0,28.0,0,0.0
2019-09-19 09:00:00+00:00,2081.0,2927.0,0,0.0
2019-09-19 09:05:00+00:00,166.0,96.0,0,0.163934426229732
2019-09-19 09:10:00+00:00,274.0,100.0,0,0.0
2019-09-19 09:15:00+00:00,1569.0,2281.0,0,0.169491525423575
2019-09-19 09:20:00+00:00,56.0,28.0,0,0.0
2019-09-19 09:25:00+00:00,56.0,28.0,0,0.0
2019-09-19 09:30:00+00:00,1933.0,2256.0,0,0.163934426229732
2019-09-19 09:35:00+00:00,220.0,100.0,0,0.0
2019-09-19 09:40:00+00:00,56.0,28.0,0,0.169491525423575
2019-09-19 09:45:00+00:00,56.0,28.0,0,0.0
2019-09-19 09:50:00+00:00,56.0,28.0,0,0.0
2019-09-19 09:55:00+00:00,166.0,96.0,0,0.169491525423575
2019-09-19 10:00:00+00:00,568.0,458.0,0,0.0
2019-09-19 10:05:00+00:00,1569.0,2165.0,0,0.166666666666894
2019-09-19 10:10:00+00:00,634.0,1445.0,0,0.0
2019-09-19 10:15:00+00:00,56.0,28.0,0,0.166666666666515
2019-09-19 10:20:00+00:00,220.0,100.0,0,0.0
2019-09-19 10:25:00+00:00,172.0,96.0,0,0.166666666666894
2019-09-19 10:30:00+00:00,1051.0,1853.0,0,0.0
2019-09-19 10:35:00+00:00,684.0,408.0,0,0.0
2019-09-19 10:40:00+00:00,56.0,28.0,0,0.166666666666515
2019-09-19 10:45:00+00:00,56.0,28.0,0,0.0
2019-09-19 10:50:00+00:00,220.0,100.0,0,0.0
2019-09-19 10:55:00+00:00,56.0,84.0,0,0.166666666666515
2019-09-19 11:00:00+00:00,568.0,458.0,0,0.0
2019-09-19 11:05:00+00:00,174.0,248.0,0,0.0
2019-09-19 11:10:00+00:00,2177.0,2733.0,0,0.163934426229732
2019-09-19 11:15:00+00:00,2128.0,2837.0,0,0.166666666666515
2019-09-19 11:20:00+00:00,56.0,28.0,0,0.0
2019-09-19 11:25:00+00:00,1569.0,2165.0,0,0.0
2019-09-19 11:30:00+00:00,938.0,483.0,0,0.163934426229732
2019-09-19 11:35:00+00:00,56.0,28.0,0,0.0
2019-09-19 11:40:00+00:00,6174.0,4282.0,0,0.166666666666515
2019-09-19 11:45:00+00:00,174.0,96.0,0,0.0
2019-09-19 11:50:00+00:00,1569.0,2165.0,0,0.166666666666515
2019-09-19 11:55:00+00:00,1569.0,2165.0,0,0.0
2019-09-19 12:00:00+00:00,568.0,458.0,0,0.166666666666894
2019-09-19 12:05:00+00:00,56.0,28.0,0,0.0
2019-09-19 12:10:00+00:00,220.0,136.0,0,0.0
2019-09-19 12:15:00+00:00,2754.0,3352.0,0,0.163934426229359
2019-09-19 12:20:00+00:00,112.0,420.0,0,0.0
2019-09-19 12:25:00+00:00,56.0,28.0,0,0.166666666666894
2019-09-19 12:30:00+00:00,938.0,483.0,0,0.0
2019-09-19 12:35:00+00:00,170.0,96.0,0,0.0
2019-09-19 12:40:00+00:00,166.0,96.0,0,0.163934426229359
2019-09-19 12:45:00+00:00,56.0,28.0,0,0.0
2019-09-19 12:50:00+00:00,56.0,84.0,0,0.0
2019-09-19 12:55:00+00:00,56.0,28.0,0,0.166666666666515
2019-09-19 13:00:00+00:00,568.0,458.0,0,0.0
2019-09-19 13:05:00+00:00,56.0,28.0,0,0.0
2019-09-19 13:10:00+00:00,56.0,28.0,0,0.163934426229732
2019-09-19 13:15:00+00:00,56.0,28.0,0,0.0
2019-09-19 13:20:00+00:00,1569.0,2165.0,0,0.166666666666515
2019-09-19 13:25:00+00:00,16478.0,7442.0,0,0.0
2019-09-19 13:30:00+00:00,938.0,483.0,0,0.0
2019-09-19 13:35:00+00:00,2258.0,3329.0,0,0.16949152542396
2019-09-19 13:40:00+00:00,56.0,28.0,0,0.0
2019-09-19 13:45:00+00:00,56.0,28.0,0,0.166666666666515
2019-09-19 13:50:00+00:00,110.0,68.0,0,0.0
2019-09-19 13:55:00+00:00,2578.0,3357.0,0,0.0
2019-09-19 14:00:00+00:00,568.0,534.0,0,0.166666666666515
2019-09-19 14:05:00+00:00,114.0,68.0,0,0.0
2019-09-19 14:10:00+00:00,56.0,28.0,0,0.16949152542396
2019-09-19 14:15:00+00:00,56.0,28.0,0,0.0
2019-09-19 14:20:00+00:00,2170.0,3989.0,0,0.0
2019-09-19 14:25:00+00:00,56.0,28.0,0,0.169491525423575
2019-09-19 14:30:00+00:00,1569.0,2165.0,0,0.0
2019-09-19 14:35:00+00:00,220.0,100.0,0,0.163934426229732
2019-09-19 14:40:00+00:00,56.0,28.0,0,0.0
2019-09-19 14:45:00+00:00,166.0,96.0,0,0.0
2019-09-19 14:50:00+00:00,56.0,28.0,0,0.169491525423575
2019-09-19 14:55:00+00:00,1201.0,2166.0,0,0.0
2019-09-19 15:00:00+00:00,676.0,502.0,0,0.0
2019-09-19 15:05:00+00:00,56.0,28.0,0,0.166666666666515
2019-09-19 15:10:00+00:00,1569.0,2165.0,0,0.0
2019-09-19 15:15:00+00:00,56.0,28.0,0,0.166666666666894
2019-09-19 15:20:00+00:00,56.0,28.0,0,0.0
2019-09-19 15:25:00+00:00,166.0,96.0,0,0.0
2019-09-19 15:30:00+00:00,1789.0,2309.0,0,0.166666666666515
2019-09-19 15:35:00+00:00,220.0,100.0,0,0.0
2019-09-19 15:40:00+00:00,3440.0,12114.0,0,0.163934426229732
2019-09-19 15:45:00+00:00,56.0,28.0,0,0.0
2019-09-19 15:50:00+00:00,1569.0,2221.0,0,0.166666666666515
2019-09-19 15:55:00+00:00,517102.0,7681.0,0,0.163934426229359
2019-09-19 16:00:00+00:00,1623.0,3413.0,0,0.163934426229732
2019-09-19 16:05:00+00:00,56.0,28.0,0,0.166666666666515
2019-09-19 16:10:00+00:00,1825.0,2061.0,0,0.0
2019-09-19 16:15:00+00:00,1785.0,2594.0,0,0.16949152542396
2019-09-19 16:20:00+00:00,112.0,232.0,0,0.0
2019-09-19 16:25:00+00:00,56.0,28.0,0,0.166666666666515
2019-09-19 16:30:00+00:00,4563.0,1682.0,0,0.166666666666515
2019-09-19 16:35:00+00:00,56.0,28.0,0,0.0
2019-09-19 16:40:00+00:00,56.0,28.0,0,0.16949152542396
2019-09-19 16:45:00+00:00,56.0,28.0,0,0.0
2019-09-19 16:50:00+00:00,2119.0,2793.0,0,0.0
2019-09-19 16:55:00+00:00,56.0,84.0,0,0.166666666666515
2019-09-19 17:00:00+00:00,568.0,458.0,0,0.0
2019-09-19 17:05:00+00:00,56.0,28.0,0,0.0
2019-09-19 17:10:00+00:00,2794.0,4293.0,0,0.166666666666894
2019-09-19 17:15:00+00:00,56.0,28.0,0,0.0
2019-09-19 17:20:00+00:00,56.0,28.0,0,0.166666666666515
2019-09-19 17:25:00+00:00,220.0,100.0,0,0.0
2019-09-19 17:30:00+00:00,1653.0,1939.0,0,0.0
2019-09-19 17:35:00+00:00,56.0,28.0,0,0.166666666666515
2019-09-19 17:40:00+00:00,1085.0,1481.0,0,0.0
2019-09-19 17:45:00+00:00,56.0,28.0,0,0.166666666666894
2019-09-19 17:50:00+00:00,56.0,84.0,0,0.0
2019-09-19 17:55:00+00:00,2328.0,3329.0,0,0.0
2019-09-19 18:00:00+00:00,568.0,458.0,0,0.169491525423575
2019-09-19 18:05:00+00:00,172.0,76.0,0,0.0
2019-09-19 18:10:00+00:00,112.0,56.0,0,0.0
2019-09-19 18:15:00+00:00,56.0,28.0,0,0.16949152542396
2019-09-19 18:20:00+00:00,1796.0,6393.0,0,0.0
2019-09-19 18:25:00+00:00,56.0,28.0,0,0.166666666666515
2019-09-19 18:30:00+00:00,938.0,483.0,0,0.0
2019-09-19 18:35:00+00:00,56.0,28.0,0,0.0
2019-09-19 18:40:00+00:00,2456.0,3329.0,0,0.166666666666515
2019-09-19 18:45:00+00:00,166.0,320.0,0,0.0
2019-09-19 18:50:00+00:00,3082.0,4302.0,0,0.166666666666894
2019-09-19 18:55:00+00:00,1569.0,2165.0,0,0.163934426229359
2019-09-19 19:00:00+00:00,2081.0,2639.0,0,0.0
2019-09-19 19:05:00+00:00,1585.0,2165.0,0,0.163934426229732
2019-09-19 19:10:00+00:00,222.0,348.0,0,0.0
2019-09-19 19:15:00+00:00,1569.0,2165.0,0,0.166666666666515
2019-09-19 19:20:00+00:00,1569.0,2165.0,0,0.0
2019-09-19 19:25:00+00:00,490.0,265.0,0,0.0
2019-09-19 19:30:00+00:00,938.0,483.0,0,0.166666666666515
2019-09-19 19:35:00+00:00,1679.0,2457.0,0,0.0
2019-09-19 19:40:00+00:00,436.0,7025.0,0,0.16949152542396
2019-09-19 19:45:00+00:00,170.0,96.0,0,0.0
2019-09-19 19:50:00+00:00,220.0,232.0,0,0.0
2019-09-19 19:55:00+00:00,1569.0,2221.0,0,0.163934426229359
2019-09-19 20:00:00+00:00,622.0,498.0,0,0.0
2019-09-19 20:05:00+00:00,220.0,100.0,0,0.166666666666894
2019-09-19 20:10:00+00:00,2179.0,3869.0,0,0.0
2019-09-19 20:15:00+00:00,56.0,28.0,0,0.169491525423575
2019-09-19 20:20:00+00:00,56.0,28.0,0,0.0
2019-09-19 20:25:00+00:00,512.0,430.0,0,0.0
2019-09-19 20:30:00+00:00,938.0,483.0,0,0.163934426229359
2019-09-19 20:35:00+00:00,218.0,72.0,0,0.0
2019-09-19 20:40:00+00:00,56.0,28.0,0,0.16949152542396
2019-09-19 20:45:00+00:00,2111.0,2733.0,0,0.0
2019-09-19 20:50:00+00:00,112.0,68.0,0,0.0
2019-09-19 20:55:00+00:00,512.0,430.0,0,0.166666666666515
2019-09-19 21:00:00+00:00,222.0,348.0,0,0.0
2019-09-19 21:05:00+00:00,2865.0,3269.0,0,0.166666666666894
2019-09-19 21:10:00+00:00,578.0,1417.0,0,0.0
2019-09-19 21:15:00+00:00,220.0,100.0,0,0.163934426229359
2019-09-19 21:20:00+00:00,2456.0,3329.0,0,0.0
2019-09-19 21:25:00+00:00,512.0,430.0,0,0.166666666666515
2019-09-19 21:30:00+00:00,938.0,483.0,0,0.0
2019-09-19 21:35:00+00:00,56.0,28.0,0,0.0
2019-09-19 21:40:00+00:00,166.0,232.0,0,0.166666666666894
2019-09-19 21:45:00+00:00,16599.0,7542.0,0,0.0
2019-09-19 21:50:00+00:00,166.0,96.0,0,0.166666666666515
2019-09-19 21:55:00+00:00,512.0,430.0,0,0.0
2019-09-19 22:00:00+00:00,112.0,56.0,0,0.0
2019-09-19 22:05:00+00:00,274.0,144.0,0,0.166666666666894
2019-09-19 22:10:00+00:00,220.0,100.0,0,0.0
2019-09-19 22:15:00+00:00,220.0,232.0,0,0.0
2019-09-19 22:20:00+00:00,170.0,96.0,0,0.166666666666515
2019-09-19 22:25:00+00:00,1569.0,2165.0,0,0.0
2019-09-19 22:30:00+00:00,938.0,483.0,0,0.166666666666515
2019-09-19 22:35:00+00:00,1569.0,2165.0,0,0.0
2019-09-19 22:40:00+00:00,56.0,28.0,0,0.0
2019-09-19 22:45:00+00:00,56.0,28.0,0,0.163934426229732
2019-09-19 22:50:00+00:00,56.0,28.0,0,0.0
2019-09-19 22:55:00+00:00,1569.0,2221.0,0,0.166666666666515
2019-09-19 23:00:00+00:00,112.0,56.0,0,0.0
2019-09-19 23:05:00+00:00,1569.0,2165.0,0,0.0
2019-09-19 23:10:00+00:00,114.0,68.0,0,0.16949152542396
2019-09-19 23:15:00+00:00,56.0,28.0,0,0.0
2019-09-19 23:20:00+00:00,56.0,28.0,0,0.169491525423575
2019-09-19 23:25:00+00:00,512.0,430.0,0,0.0
2019-09-19 23:30:00+00:00,938.0,483.0,0,0.0
2019-09-19 23:35:00+00:00,56.0,28.0,0,0.169491525423575
2019-09-19 23:40:00+00:00,56.0,28.0,0,0.0
2019-09-19 23:45:00+00:00,56.0,28.0,0,0.0
2019-09-19 23:50:00+00:00,220.0,100.0,0,0.16949152542396
2019-09-19 23:55:00+00:00,512.0,430.0,0,0.0
